"id","name","alternate_names","addresses","domains","total_events","last_event_date","created_at","updated_at","category","school_classification","is_religious","department"
"2","Comcast",,,,"1","2024-11-20 00:00:00","2025-10-25 00:10:36.203207","2025-10-25 00:10:36.203207","large_corp",,"false",
"3","Informal Friends Group",,,,"1","2024-07-31 00:00:00","2025-10-25 00:10:36.413039","2025-10-25 00:20:35.291","large_corp",,"false",
"4","Jack and Jill 2nd Grade",,,,"1","2023-11-19 00:00:00","2025-10-25 00:10:36.615238","2025-10-25 00:10:36.615238","youth_civic",,"false",
"5","D&Y Staffing",,,,"1","2023-08-09 00:00:00","2025-10-25 00:10:36.812301","2025-10-25 00:10:36.812301","midsize_corp",,"false",
"6","Mt. Bethel Christian Academy",,,,"2","2024-04-21 00:00:00","2025-10-25 00:10:37.00905","2025-10-25 00:20:35.491","school","private","true",
"7","Merill Lynch",,,,"1","2025-07-16 00:00:00","2025-10-25 00:10:37.209013","2025-10-25 00:10:37.209013","large_corp",,"false",
"8","The City Church",,,,"1","2025-07-01 00:00:00","2025-10-25 00:10:37.403911","2025-10-25 00:20:35.558","church",,"true",
"9","Alaina's Kindness",,,,"2","2022-06-26 00:00:00","2025-10-25 00:10:37.599298","2025-10-25 00:10:37.599298",,,"false",
"10","Mom and kids group in Sandy Springs",,,,"1","2023-01-16 00:00:00","2025-10-25 00:10:37.795532","2025-10-25 00:20:35.624","small_group",,"false",
"11","Four Seasons Hotel",,,,"2","2024-07-20 00:00:00","2025-10-25 00:10:37.990404","2025-10-25 00:10:37.990404","large_corp",,"false",
"12","Savant Wealth Management",,,,"1","2023-08-21 00:00:00","2025-10-25 00:10:38.186218","2025-10-25 00:10:38.186218","large_corp",,"false",
"13","TEST",,,,"2","2025-10-25 00:00:00","2025-10-25 00:10:38.38311","2025-10-25 00:10:38.38311",,,"false",
"14","Scout Troop",,,,"1","2023-11-12 00:00:00","2025-10-25 00:10:38.585416","2025-10-25 00:10:38.585416","youth_civic",,"false",
"15","Sandy Springs Christian Church",,,,"1","2023-10-22 00:00:00","2025-10-25 00:10:38.782535","2025-10-25 00:20:35.69","church",,"true",
"16","Taylor Arnold Birthday Service Project",,,,"1","2025-10-25 00:00:00","2025-10-25 00:10:38.978079","2025-10-25 00:10:38.978079",,,"false",
"17","St. John Paul Church of Cumming",,,,"1","2023-02-19 00:00:00","2025-10-25 00:10:39.17365","2025-10-25 00:20:35.757","church",,"true",
"18","St Pius X Middle School Wrestling Team",,,,"1","2023-11-27 00:00:00","2025-10-25 00:10:39.36982","2025-10-25 00:20:35.823","school","private","true",
"19","Atlas Collaborative",,,,"1","2023-02-14 00:00:00","2025-10-25 00:10:39.567447","2025-10-25 00:10:39.567447","small_corp",,"false",
"20","Carr, Riggs and Ingram",,,,"1","2023-05-24 00:00:00","2025-10-25 00:10:39.763097","2025-10-25 00:10:39.763097","large_corp",,"false",
"21","Guidehouse",,,,"4","2025-10-30 00:00:00","2025-10-25 00:10:39.956856","2025-10-25 00:10:39.956856",,,"false",
"22","CentricsIT",,,,"2","2024-07-25 00:00:00","2025-10-25 00:10:40.154411","2025-10-25 00:10:40.154411",,,"false",
"23","Adina's Bat Mitzvah Project",,,,"1","2025-11-09 12:00:00","2025-10-25 00:10:40.349306","2025-10-25 00:10:40.349306",,,"false",
"24","Newell Brands",,,,"1","2023-11-28 00:00:00","2025-10-25 00:10:40.546197","2025-10-25 00:10:40.546197","large_corp",,"false",
"25","Julia K. Neal No. 582, OES-PHA",,,,"1","2022-11-19 00:00:00","2025-10-25 00:10:40.740234","2025-10-25 00:10:40.740234",,,"false",
"26","Home Depot",,,,"1","2025-01-30 00:00:00","2025-10-25 00:10:40.937286","2025-10-25 00:10:40.937286","large_corp",,"false",
"27","Navigators Chapter 444",,,,"1","2025-12-08 00:00:00","2025-10-25 00:10:41.132039","2025-10-25 00:10:41.132039",,,"false",
"28","St. Pius X High School Students",,,,"1","2022-06-14 00:00:00","2025-10-25 00:10:41.326979","2025-10-25 00:10:41.326979","school","private","true",
"29","Frederick Swanston",,,,"1","2024-11-06 00:00:00","2025-10-25 00:10:41.524268","2025-10-25 00:10:41.524268","small_corp",,"false",
"30","GS Troop Mom and her friends",,,,"1","2023-01-29 00:00:00","2025-10-25 00:10:41.720979","2025-10-25 00:10:41.720979","youth_civic",,"false",
"31","Cub Scouts",,,,"7","2025-02-09 00:00:00","2025-10-25 00:10:41.915338","2025-10-25 00:10:41.915338","youth_civic",,"false",
"32","King & Spalding LLP",,,,"1","2023-11-15 00:00:00","2025-10-25 00:10:42.117688","2025-10-25 00:10:42.117688",,,"false",
"33","Ryan Tax Firm",,,,"1","2024-11-12 00:00:00","2025-10-25 00:10:42.312784","2025-10-25 00:10:42.312784",,,"false",
"34","Girl Scouts troop (5th grade)",,,,"1","2025-11-09 00:00:00","2025-10-25 00:10:42.508588","2025-10-25 00:20:35.89","club",,"false",
"35","Wellstar",,,,"2","2025-07-11 00:00:00","2025-10-25 00:10:42.703053","2025-10-25 00:10:42.703053","large_corp",,"false",
"36","Mt. Bethel Elementary",,,,"1","2023-01-25 00:00:00","2025-10-25 00:10:42.900793","2025-10-25 00:20:35.956","school","public","false",
"37","Allstate",,,,"1","2023-05-23 00:00:00","2025-10-25 00:10:43.095522","2025-10-25 00:10:43.095522","large_corp",,"false",
"38","Grace Resurrection Church",,,,"1","2024-09-21 00:00:00","2025-10-25 00:10:43.300206","2025-10-25 00:20:36.028","church",,"true",
"39","SS Baseball Team",,,,"1","2024-11-17 00:00:00","2025-10-25 00:10:43.498942","2025-10-25 00:10:43.498942","youth_sports",,"false",
"40","B'nai Torah",,,,"1","2023-01-16 00:00:00","2025-10-25 00:10:43.693514","2025-10-25 00:10:43.693514","faith_jewish",,"false",
"41","King & Spalding",,,,"2","2023-10-18 00:00:00","2025-10-25 00:10:43.887891","2025-10-25 00:10:43.887891",,,"false",
"42","Morningside Elementary School",,,,"2","2025-12-04 00:00:00","2025-10-25 00:10:44.08343","2025-10-25 00:20:36.095","school","public","false",
"43","The Coca-Cola Company",,,,"1","2025-02-24 00:00:00","2025-10-25 00:10:44.278944","2025-10-25 00:20:36.161","large_corp",,"false",
"44","Roswell Presbyterian Church",,,,"14","2025-10-01 12:00:00","2025-10-25 00:10:44.475454","2025-10-25 00:20:36.226","church",,"true",
"45","Georgia Tech",,,,"12","2025-10-21 00:00:00","2025-10-25 00:10:44.669246","2025-10-25 00:10:44.669246",,,"false",
"46","Woodward",,,,"1","2022-09-23 00:00:00","2025-10-25 00:10:44.869305","2025-10-25 00:10:44.869305",,,"false",
"47","Christ the King School",,,,"3","2025-10-22 00:00:00","2025-10-25 00:10:45.06491","2025-10-25 00:10:45.06491",,,"false",
"48","Emory Cares/Slow Food Atlanta)",,,,"1","2022-11-12 00:00:00","2025-10-25 00:10:45.260886","2025-10-25 00:10:45.260886",,,"false",
"49","Chimney Lakes subdivision",,,,"1","2024-11-10 00:00:00","2025-10-25 00:10:45.456413","2025-10-25 00:10:45.456413","neighborhood",,"false",
"50","Lanier High School",,,,"1","2024-07-11 00:00:00","2025-10-25 00:10:45.654332","2025-10-25 00:20:36.292","school","public","false",
"51","Cherokee Bluff High School (Legacy)",,,,"1","2023-02-22 00:00:00","2025-10-25 00:10:45.850794","2025-10-25 00:20:36.357","school","public","false",
"52","Jack and Jill",,,,"1","2024-01-15 00:00:00","2025-10-25 00:10:46.046499","2025-10-25 00:10:46.046499","youth_civic",,"false",
"53","Marist",,,,"1","2023-12-28 00:00:00","2025-10-25 00:10:46.242224","2025-10-25 00:10:46.242224","church_school_athletics",,"false","swim team"
"54","Girl Scouts",,,,"1","2025-11-09 00:00:00","2025-10-25 00:10:46.437859","2025-10-25 00:10:46.437859","youth_civic",,"false","Troop 24176"
"55","Homeowners Financial Group",,,,"2","2025-09-09 00:00:00","2025-10-25 00:10:46.632692","2025-10-25 00:20:36.422","midsize_corp",,"false",
"56","Compassion in Action (collaboration with Compassionate Atlanta)",,,,"1","2025-11-02 00:00:00","2025-10-25 00:10:46.826904","2025-10-25 00:10:46.826904",,,"false",
"57","NJHS",,,,"1","2022-05-14 00:00:00","2025-10-25 00:10:47.02212","2025-10-25 00:10:47.02212",,,"false",
"58","Holy Innocents Episcopal School",,,,"1","2025-09-30 00:00:00","2025-10-25 00:10:47.226923","2025-10-25 00:10:47.226923","school","private","true",
"59","Wesleyan",,,,"1","2023-12-19 00:00:00","2025-10-25 00:10:47.42206","2025-10-25 00:10:47.42206","school","private","true",
"60","Dacula United Methodist Church",,,,"1","2025-10-18 00:00:00","2025-10-25 00:10:47.62345","2025-10-25 00:20:36.488","church_faith",,"true",
"61","Interfaith Festival",,,,"1","2025-09-14 00:00:00","2025-10-25 00:10:47.820887","2025-10-25 00:10:47.820887","faith_group",,"false",
"62","Warner Bros. Discovery",,,,"1","2023-06-15 00:00:00","2025-10-25 00:10:48.016153","2025-10-25 01:16:31.038","large_corp",,"false",
"63","Solentra Global",,,,"1","2022-07-19 00:00:00","2025-10-25 00:10:48.211425","2025-10-25 00:20:36.554","large_corp",,"false",
"64","Health Care Leaders",,,,"1","2023-05-24 00:00:00","2025-10-25 00:10:48.405815","2025-10-25 00:10:48.405815",,,"false",
"65","Korean-American Community",,,,"1","2025-10-26 00:00:00","2025-10-25 00:10:48.599869","2025-10-25 00:10:48.599869","cultural",,"false",
"66","Delta Sigma Theta",,,,"1","2023-03-25 00:00:00","2025-10-25 00:10:48.800841","2025-10-25 00:10:48.800841","greek",,"false","Marietta Roswell Chapter "
"67","Koch Global Services",,,,"1","2025-01-07 00:00:00","2025-10-25 00:10:48.994818","2025-10-25 00:20:36.619","large_corp",,"false",
"68","Swan Tranportation",,,,"1","2022-07-19 00:00:00","2025-10-25 00:10:49.25612","2025-10-25 00:10:49.25612","small_corp",,"false",
"69","River Trail Middle School",,,,"1","2024-11-20 00:00:00","2025-10-25 00:10:49.450657","2025-10-25 00:20:36.709","school","public","false",
"70","Springmont School",,,,"1","2023-12-15 00:00:00","2025-10-25 00:10:49.655327","2025-10-25 00:10:49.655327","school","private","true",
"71","RELEX Solutions",,,,"1","2025-08-20 16:00:00","2025-10-25 00:10:49.852983","2025-10-25 00:20:36.773","small_medium_corp",,"false",
"72","SiteOne Landscape Supply",,,,"1","2022-11-04 00:00:00","2025-10-25 00:10:50.047892","2025-10-25 00:10:50.047892","midsize_corp",,"false",
"73","Cherokee Charter",,,,"1","2024-04-17 00:00:00","2025-10-25 00:10:50.255679","2025-10-25 00:20:36.838","school","charter","false",
"74","Fleetcor",,,,"1","2022-06-01 00:00:00","2025-10-25 00:10:50.45081","2025-10-25 00:10:50.45081","large_corp",,"false",
"75","UP Swell Marketing",,,,"1","2022-08-16 00:00:00","2025-10-25 00:10:50.659924","2025-10-25 00:10:50.659924","small_corp",,"false",
"76","ESO Personnel Management",,,,"1","2023-06-19 00:00:00","2025-10-25 00:10:50.854165","2025-10-25 00:10:50.854165",,,"false",
"77","Barnwell Elementary",,,,"1","2025-01-20 00:00:00","2025-10-25 00:10:51.049374","2025-10-25 00:20:36.903","school","public","false",
"78","Newell",,,,"1","2025-11-11 00:00:00","2025-10-25 00:10:51.244172","2025-10-25 00:10:51.244172","large_corp",,"false",
"79","Marni",,,,"1","2023-11-19 00:00:00","2025-10-25 00:10:51.441136","2025-10-25 00:10:51.441136",,,"false",
"80","Dor Tamid Synagogue",,,,"1","2023-02-15 00:00:00","2025-10-25 00:10:51.634472","2025-10-25 00:20:36.968","temple",,"true",
"81","Dunwoody High School",,,,"2","2023-04-19 00:00:00","2025-10-25 00:10:51.831509","2025-10-25 00:20:37.032","school","public","false",
"82","Leapfrog Services, Inc.",,,,"1","2024-07-31 00:00:00","2025-10-25 00:10:52.026878","2025-10-25 00:20:37.097","large_corp",,"false",
"83","U.S. EPA Region 4 Public Affairs Office",,,,"1","2024-09-25 00:00:00","2025-10-25 00:10:52.223732","2025-10-25 00:10:52.223732","government",,"false",
"84","MCIC",,,,"2","2025-09-29 00:00:00","2025-10-25 00:10:52.42206","2025-10-25 00:10:52.42206","midsize_corp",,"false",
"85","The Tomodachi Club",,,,"1","2024-10-02 00:00:00","2025-10-25 00:10:52.620664","2025-10-25 00:20:37.162","cultural",,"false",
"86","Reliance Worldwide Corporation",,,,"1","2023-01-16 00:00:00","2025-10-25 00:10:52.824867","2025-10-25 00:20:37.227","large_corp",,"false",
"87","Cox Automotive",,,,"1","2023-09-14 00:00:00","2025-10-25 00:10:53.019797","2025-10-25 00:10:53.019797","large_corp",,"false",
"88","Kappa Kappa PSI",,,,"1","2023-11-01 00:00:00","2025-10-25 00:10:53.219552","2025-10-25 00:10:53.219552","greek",,"false",
"89","Dunwoody Country Club",,,,"2","2025-07-23 00:00:00","2025-10-25 00:10:53.471814","2025-10-25 00:20:37.292","club",,"false",
"90","Alpharetta Methodist",,,,"1","2024-02-11 00:00:00","2025-10-25 00:10:53.667075","2025-10-25 00:10:53.667075","church",,"false",
"91","OpenText",,,,"2","2025-03-26 16:00:00","2025-10-25 00:10:53.862854","2025-10-25 00:10:53.862854","large_corp",,"false",
"92","Pace Academy",,,,"1","2024-01-15 00:00:00","2025-10-25 00:10:54.061507","2025-10-25 00:20:37.357","school","public","false",
"93","Cooper Sky",,,,"1","2023-11-08 00:00:00","2025-10-25 00:10:54.256572","2025-10-25 00:10:54.256572","small_corp",,"false",
"94","Pope High School",,,,"1","2024-09-27 00:00:00","2025-10-25 00:10:54.452042","2025-10-25 00:10:54.452042","school","public","false",
"95","Cherokee Indivisible",,,,"1","2025-09-18 12:00:00","2025-10-25 00:10:54.647248","2025-10-25 00:10:54.647248","political",,"false",
"96","Toco Hills Birthday Party",,,,"1","2024-01-28 17:00:00","2025-10-25 00:10:54.841827","2025-10-25 00:10:54.841827",,,"false",
"97","Roswell Community Church",,,,"1","2024-06-30 00:00:00","2025-10-25 00:10:55.036813","2025-10-25 00:20:37.422","church_faith",,"true",
"98","Hopewell Middle School Pay It Forward Club",,,,"1","2025-10-28 00:00:00","2025-10-25 00:10:55.231111","2025-10-25 00:20:37.486","school","public","false",
"99","Infor",,,,"1","2024-03-25 00:00:00","2025-10-25 00:10:55.426457","2025-10-25 00:10:55.426457","midsize_corp",,"false",
"100","Fidelity Investments",,,,"1","2025-03-26 00:00:00","2025-10-25 00:10:55.620447","2025-10-25 00:10:55.620447","large_corp",,"false","Dunwoody branch"
"101","Train Up a Child Summer Camp",,,,"1","2022-06-07 00:00:00","2025-10-25 00:10:55.816065","2025-10-25 00:10:55.816065","problematic",,"false",
"102","Synergis",,,,"1","2025-10-29 00:00:00","2025-10-25 00:10:56.010945","2025-10-25 00:10:56.010945",,,"false",
"103","Children's Healthcare of Atlanta",,,,"1","2022-07-25 00:00:00","2025-10-25 00:10:56.213055","2025-10-25 00:10:56.213055",,,"false",
"104","Chattahoochee Technical College",,,,"2","2025-11-10 00:00:00","2025-10-25 00:11:07.194289","2025-10-25 00:20:37.555","school","public","false",
"105","Girl Scouts",,,,"40","2025-09-18 12:00:00","2025-10-25 00:11:07.390087","2025-10-25 00:20:37.621","club",,"false",
"106","CDC",,,,"4","2025-07-16 00:00:00","2025-10-25 00:11:07.588829","2025-10-25 00:11:07.588829",,,"false",
"107","Team Rehab Physical Therapy",,,,"1","2024-07-10 00:00:00","2025-10-25 00:11:07.795157","2025-10-25 00:11:07.795157",,,"false",
"108","Temple Kol Emeth",,,,"1","2023-12-10 00:00:00","2025-10-25 00:11:07.991898","2025-10-25 00:20:37.686","church_faith",,"true",
"109","Procare Therapy",,,,"2","2025-10-27 00:00:00","2025-10-25 00:11:08.190752","2025-10-25 00:11:08.190752",,,"false",
"110","5k table",,,,"1","2023-09-10 00:00:00","2025-10-25 00:11:08.412419","2025-10-25 00:11:08.412419",,,"false",
"111","St Jude PTA",,,,"1","2026-02-05 00:00:00","2025-10-25 00:11:08.609628","2025-10-25 00:11:08.609628",,,"false",
"112","Cornerstone Christian Academy MS",,,,"1","2023-03-14 00:00:00","2025-10-25 00:11:08.80816","2025-10-25 00:20:37.751","school","public","true",
"113","Kings Ridge Christian School",,,,"1","2024-11-20 00:00:00","2025-10-25 00:11:09.005847","2025-10-25 00:20:37.818","school","private","true",
"114","Roswell Gymmastics Levels 9/10",,,,"1","2025-11-15 00:00:00","2025-10-25 00:11:09.202542","2025-10-25 00:11:09.202542",,,"false",
"115","Eagles Landing Dancing Center",,,,"1","2025-02-09 00:00:00","2025-10-25 00:11:09.412908","2025-10-25 00:11:09.412908",,,"false",
"116","Neighbors small group-Peachtree Church",,,,"1","2025-10-29 00:00:00","2025-10-25 00:11:09.618398","2025-10-25 00:20:37.883","church_faith",,"true",
"117","Dowell Student Council",,,,"1","2022-05-05 00:00:00","2025-10-25 00:11:09.820146","2025-10-25 00:11:09.820146",,,"false",
"118","Rotary Club",,,,"6","2026-04-27 00:00:00","2025-10-25 00:11:10.017098","2025-10-25 00:20:37.948","club",,"false",
"119","Network 1 Consulting",,,,"1","2024-02-27 00:00:00","2025-10-25 00:11:10.213862","2025-10-25 00:20:38.013","small_medium_corp",,"false",
"120","Repair the World",,,,"5","2023-11-08 00:00:00","2025-10-25 00:11:10.412951","2025-10-25 00:11:10.412951",,,"false",
"121","Oglethrope University",,,,"1","2023-04-13 00:00:00","2025-10-25 00:11:10.609148","2025-10-25 00:20:38.078","school","public","false",
"122","PrimeRevenue",,,,"1","2024-02-13 00:00:00","2025-10-25 00:11:10.809606","2025-10-25 00:11:10.809606",,,"false",
"123","National Charity League",,,,"3","2023-06-21 00:00:00","2025-10-25 00:11:11.004713","2025-10-25 00:11:11.004713",,,"false",
"124","Burton Energy Group",,,,"2","2023-12-15 00:00:00","2025-10-25 00:11:11.202624","2025-10-25 00:20:38.144","large_corp",,"false",
"125","Swiss Community members in Atlanta",,,,"1","2023-09-16 00:00:00","2025-10-25 00:11:11.402865","2025-10-25 00:11:11.402865",,,"false",
"126","COAA Cares",,,,"1","2024-11-18 00:00:00","2025-10-25 00:11:11.599139","2025-10-25 00:11:11.599139",,,"false",
"127","YMSL",,,,"3","2025-11-16 00:00:00","2025-10-25 00:11:11.804811","2025-10-25 00:11:11.804811",,,"false",
"128","YMSL Centennial",,,,"1","2025-10-25 00:00:00","2025-10-25 00:11:12.006657","2025-10-25 00:11:12.006657",,,"false",
"129","Small Church Group",,,,"1","2025-02-19 00:00:00","2025-10-25 00:11:12.20409","2025-10-25 00:20:38.208","church_faith",,"true",
"130","Gananda citizens of the world club",,,,"1","2025-11-14 00:00:00","2025-10-25 00:11:12.413832","2025-10-25 00:20:38.273","club",,"false",
"131","Saint Jude the Apostle",,,,"1","2022-06-15 00:00:00","2025-10-25 00:11:12.614683","2025-10-25 00:11:12.614683",,,"false",
"132","Good Shepard",,,,"1","2023-12-17 00:00:00","2025-10-25 00:11:12.810407","2025-10-25 00:11:12.810407",,,"false",
"133","ELI Inc",,,,"1","2024-11-08 00:00:00","2025-10-25 00:11:13.008427","2025-10-25 00:20:38.338","large_corp",,"false",
"134","Envoys",,,,"1","2023-11-11 00:00:00","2025-10-25 00:11:13.201793","2025-10-25 00:11:13.201793",,,"false",
"135","Shearith Israel",,,,"1","2023-01-15 00:00:00","2025-10-25 00:11:13.396457","2025-10-25 00:11:13.396457",,,"false",
"136","Verizon",,,,"1","2022-08-03 00:00:00","2025-10-25 00:11:13.593141","2025-10-25 00:11:13.593141",,,"false",
"137","Denmark High School",,,,"1","2025-07-21 00:00:00","2025-10-25 00:11:13.788548","2025-10-25 00:20:38.403","school","public","false",
"138","Modo Modo Agency",,,,"1","2023-08-02 00:00:00","2025-10-25 00:11:13.989708","2025-10-25 00:11:13.989708",,,"false",
"139","Emory",,,,"16","2025-11-16 00:00:00","2025-10-25 00:11:14.184291","2025-10-25 00:11:14.184291",,,"false",
"140","Atlanta International School",,,,"7","2026-01-30 00:00:00","2025-10-25 00:11:14.378065","2025-10-25 00:20:38.467","large_corp",,"false",
"141","Walton High School Boys Lacrosse",,,,"1","2025-10-22 00:00:00","2025-10-25 00:11:14.592092","2025-10-25 00:20:38.532","school","public","false",
"142","Mount Pisgah Church",,,,"1","2024-06-26 00:00:00","2025-10-25 00:11:14.786721","2025-10-25 00:20:38.597","church_faith",,"true",
"143","Slow Food Atlanta/Emory",,,,"1","2023-03-25 00:00:00","2025-10-25 00:11:14.98606","2025-10-25 00:11:14.98606",,,"false",
"144","Outlaws Travel Baseball",,,,"1","2025-10-18 00:00:00","2025-10-25 00:11:15.182311","2025-10-25 00:11:15.182311",,,"false",
"145","Interra International LLC",,,,"1","2024-12-17 00:00:00","2025-10-25 00:11:15.378265","2025-10-25 00:20:38.662","large_corp",,"false",
"146","Know Your Worth",,,,"1","2024-10-20 00:00:00","2025-10-25 00:11:15.573108","2025-10-25 00:11:15.573108",,,"false",
"147","Group Organizer",,,,"1","2025-12-06 00:00:00","2025-10-25 00:11:15.774734","2025-10-25 00:20:38.727","large_corp",,"false",
"148","Reliance",,,,"1","2023-11-15 00:00:00","2025-10-25 00:11:15.971672","2025-10-25 00:11:15.971672",,,"false",
"149","Sacred Friends",,,,"1","2025-11-18 00:00:00","2025-10-25 00:11:16.167074","2025-10-25 00:11:16.167074",,,"false",
"150","Geosyntec",,,,"1","2024-10-08 00:00:00","2025-10-25 00:11:16.360596","2025-10-25 00:11:16.360596",,,"false",
"151","Mailchimp",,,,"1","2023-12-13 00:00:00","2025-10-25 00:11:16.555293","2025-10-25 00:11:16.555293",,,"false",
"152","Elemica Inc.",,,,"2","2022-09-07 00:00:00","2025-10-25 00:11:16.74959","2025-10-25 00:20:38.792","large_corp",,"false",
"153","Westminter & PAWS Community Service Committee",,,,"1","2025-01-25 17:00:00","2025-10-25 00:11:16.946905","2025-10-25 00:11:16.946905",,,"false",
"154","Genuine Parts Company",,,,"1","2023-12-06 00:00:00","2025-10-25 00:11:17.144103","2025-10-25 00:20:38.859","large_corp",,"false",
"155","AAA East Cobb Car Care Plus",,,,"1","2025-10-28 00:00:00","2025-10-25 00:11:17.338414","2025-10-25 00:11:17.338414",,,"false",
"156","Students",,,,"1","2024-10-27 00:00:00","2025-10-25 00:11:17.532156","2025-10-25 00:11:17.532156",,,"false",
"157","EarthLink",,,,"3","2023-04-19 00:00:00","2025-10-25 00:11:17.725849","2025-10-25 00:11:17.725849",,,"false",
"158","Siemens Digital Industries",,,,"1","2022-10-12 00:00:00","2025-10-25 00:11:17.923109","2025-10-25 00:20:38.924","large_corp",,"false",
"159","Lead Service 5th grade Fulton County School",,,,"1","2025-03-13 00:00:00","2025-10-25 00:11:18.122776","2025-10-25 00:11:18.122776",,,"false",
"160","Kids Care",,,,"1","2023-01-16 00:00:00","2025-10-25 00:11:18.317391","2025-10-25 00:11:18.317391",,,"false",
"161","Mill Creek Middle School Ambassadors Club",,,,"1","2023-12-13 00:00:00","2025-10-25 00:11:18.511846","2025-10-25 00:20:38.988","school","public","false",
"162","Saint Jude 2nd grade",,,,"1","2025-11-09 00:00:00","2025-10-25 00:11:18.706342","2025-10-25 00:11:18.706342",,,"false",
"163","OLA School",,,,"1","2022-09-21 00:00:00","2025-10-25 00:11:18.901845","2025-10-25 00:11:18.901845",,,"false",
"164","AL Burruss Elementary School",,,,"2","2024-03-15 00:00:00","2025-10-25 00:11:19.102079","2025-10-25 00:20:39.053","school","public","false",
"165","Atlanta Jack and Jill",,,,"1","2025-11-15 00:00:00","2025-10-25 00:11:19.298953","2025-10-25 00:11:19.298953",,,"false",
"166","Roswell Prebyterian Church",,,,"1","2025-10-01 00:00:00","2025-10-25 00:11:19.499648","2025-10-25 00:20:39.118","church_faith",,"true",
"167","Canterbury Court",,,,"1","2024-07-31 00:00:00","2025-10-25 00:11:19.695707","2025-10-25 00:11:19.695707",,,"false",
"168","CHOA",,,,"2","2024-07-08 00:00:00","2025-10-25 00:11:19.889784","2025-10-25 00:11:19.889784",,,"false",
"169","Gwinnett Youth Commission",,,,"1","2025-10-17 00:00:00","2025-10-25 00:11:20.085936","2025-10-25 00:11:20.085936",,,"false",
"170","The Davis Academy",,,,"1","2023-01-15 00:00:00","2025-10-25 00:11:20.285433","2025-10-25 00:20:39.183","school","public","false",
"171","Iota Sigma Chi Christian Sorority, Inc",,,,"1","2025-07-19 00:00:00","2025-10-25 00:11:20.482335","2025-10-25 00:20:39.248","church_faith",,"true",
"172","Kaiser Permanente",,,,"2","2024-05-08 00:00:00","2025-10-25 00:11:20.677182","2025-10-25 00:11:20.677182",,,"false",
"173","Kennesaw State University",,,,"1","2025-10-22 00:00:00","2025-10-25 00:11:20.871521","2025-10-25 00:20:39.313","school","public","false",
"174","Las Amigas",,,,"1","2023-05-31 00:00:00","2025-10-25 00:11:21.067621","2025-10-25 00:11:21.067621",,,"false",
"175","Girls Soccer Team",,,,"1","2025-01-31 00:00:00","2025-10-25 00:11:21.263917","2025-10-25 00:11:21.263917",,,"false",
"176","St. Joseph's Hospital",,,,"1","2022-11-16 00:00:00","2025-10-25 00:11:21.459345","2025-10-25 00:11:21.459345",,,"false",
"177","Alan Lund",,,,"1","2022-09-13 00:00:00","2025-10-25 00:11:21.658557","2025-10-25 00:11:21.658557",,,"false",
"178","Smith Currie Oles LLP",,,,"1","2025-07-30 00:00:00","2025-10-25 00:11:21.913407","2025-10-25 00:11:21.913407",,,"false",
"179","Wheeler NHS/Thrivent",,,,"2","2023-10-03 00:00:00","2025-10-25 00:11:22.114608","2025-10-25 00:11:22.114608",,,"false",
"180","BHHS Georgia Properties",,,,"1","2023-03-14 00:00:00","2025-10-25 00:11:22.311371","2025-10-25 00:11:22.311371",,,"false",
"181","Cumberland Academy of GA",,,,"1","2025-01-31 00:00:00","2025-10-25 00:11:22.507413","2025-10-25 00:20:39.378","school","public","false",
"182","TPX",,,,"4","2025-10-08 00:00:00","2025-10-25 00:11:22.701774","2025-10-25 00:11:22.701774",,,"false",
"183","Moishe House",,,,"1","2025-03-31 00:00:00","2025-10-25 00:11:22.903623","2025-10-25 00:11:22.903623",,,"false",
"184","Briarwoods Beach and Tennis Club",,,,"1","2024-01-15 00:00:00","2025-10-25 00:11:23.099096","2025-10-25 00:20:39.443","club",,"false",
"185","Resolution for Life",,,,"1","2024-04-10 00:00:00","2025-10-25 00:11:23.298432","2025-10-25 00:11:23.298432",,,"false",
"186","Family friends/baseball team",,,,"1","2025-11-08 00:00:00","2025-10-25 00:11:23.522537","2025-10-25 00:11:23.522537",,,"false",
"187","National Giving Day (Giving Tuesday)",,,,"1","2023-11-28 00:00:00","2025-10-25 00:11:23.717725","2025-10-25 00:11:23.717725",,,"false",
"188","C-W-C Office Furnishings",,,,"1","2022-11-03 00:00:00","2025-10-25 00:11:23.911404","2025-10-25 00:11:23.911404",,,"false",
"189","Mt. Vernon Presbyterian School",,,,"1","2023-09-06 00:00:00","2025-10-25 00:11:24.105299","2025-10-25 01:16:31.28","school","private","false",
"190","Learnwell Collective",,,,"2","2024-01-31 00:00:00","2025-10-25 00:11:24.300464","2025-10-25 00:11:24.300464",,,"false",
"191","McEachern High School",,,,"1","2025-11-14 00:00:00","2025-10-25 00:11:24.495984","2025-10-25 00:20:39.508","school","public","false",
"192","Salesforce",,,,"5","2025-07-16 00:00:00","2025-10-25 00:11:24.691601","2025-10-25 00:11:24.691601",,,"false",
"193","JCC",,,,"2","2023-04-16 00:00:00","2025-10-25 00:11:24.888357","2025-10-25 00:11:24.888357",,,"false",
"194","LDS church youth group",,,,"1","2025-11-11 00:00:00","2025-10-25 00:11:25.083336","2025-10-25 00:20:39.574","church_faith",,"true",
"195","Moore Colson Law",,,,"1","2025-11-14 00:00:00","2025-10-25 00:11:25.279187","2025-10-25 00:11:25.279187",,,"false",
"196","GossRV",,,,"1","2022-04-20 00:00:00","2025-10-25 00:11:25.473709","2025-10-25 00:11:25.473709",,,"false",
"197","St Jude the Apostle Catholic Church (Brazilian Community)",,,,"1","2025-11-09 00:00:00","2025-10-25 00:11:25.677337","2025-10-25 00:20:39.639","church_faith",,"true",
"198","Brookfield Properties",,,,"3","2024-12-03 00:00:00","2025-10-25 00:11:25.874446","2025-10-25 00:11:25.874446",,,"false",
"199","Atlantic Institute",,,,"1","2026-03-01 00:00:00","2025-10-25 00:11:26.068501","2025-10-25 00:20:39.705","school","public","false",
"200","Collective ATL",,,,"1","2024-05-11 00:00:00","2025-10-25 00:11:26.262104","2025-10-25 00:11:26.262104",,,"false",
"201","DCSA",,,,"1","2024-05-30 16:00:00","2025-10-25 00:11:26.457248","2025-10-25 00:11:26.457248",,,"false",
"202","Mocha Moms",,,,"1","2024-08-31 00:00:00","2025-10-25 00:11:26.654794","2025-10-25 00:11:26.654794",,,"false",
"203","Congregation Shearith Israel",,,,"1","2024-01-14 00:00:00","2025-10-25 00:11:26.854352","2025-10-25 00:20:39.77","church_faith",,"true",
"204","PAWS Community Service Committee + Westminster",,,,"1","2026-01-24 00:00:00","2025-10-25 00:11:27.050109","2025-10-25 00:11:27.050109",,,"false",
"205","P.E.O. (Philanthropic Educational Organization)",,,,"1","2026-01-14 00:00:00","2025-10-25 00:11:27.244123","2025-10-25 00:11:27.244123",,,"false",
"206","Church of Jesus Christ of Latter-day Saints",,,,"2","2025-09-18 00:00:00","2025-10-25 00:11:27.470119","2025-10-25 00:20:39.835","church_faith",,"true",
"207","Seyfarth Shaw",,,,"1","2025-09-10 00:00:00","2025-10-25 00:11:27.670958","2025-10-25 00:11:27.670958",,,"false",
"208","Wesleyan Boys Varsity Basketball Team",,,,"1","2025-11-24 00:00:00","2025-10-25 00:11:27.882667","2025-10-25 00:11:27.882667",,,"false",
"209","Prince of Peace Lutheran Church",,,,"3","2025-09-07 12:00:00","2025-10-25 00:11:28.08196","2025-10-25 00:20:39.903","church_faith",,"true",
"210","Garrison Mill Elementary",,,,"1","2023-02-14 00:00:00","2025-10-25 00:11:28.28728","2025-10-25 00:20:39.968","school","public","false",
"211","Marietta High School",,,,"1","2025-10-09 00:00:00","2025-10-25 00:11:28.502173","2025-10-25 00:20:40.033","school","public","false",
"212","UBC Pharmaceuticals",,,,"1","2023-09-08 00:00:00","2025-10-25 00:11:28.696304","2025-10-25 00:11:28.696304",,,"false",
"213","Walton High School",,,,"4","2022-12-11 00:00:00","2025-10-25 00:11:28.898086","2025-10-25 00:20:40.098","school","public","false",
"214","Arke",,,,"1","2023-10-18 00:00:00","2025-10-25 00:11:29.098776","2025-10-25 00:11:29.098776",,,"false",
"215","CA South LLC",,,,"1","2025-07-31 00:00:00","2025-10-25 00:11:29.298724","2025-10-25 00:20:40.163","large_corp",,"false",
"216","Thrivent/Wheeler NHS",,,,"1","2023-11-14 00:00:00","2025-10-25 00:11:29.493389","2025-10-25 00:11:29.493389",,,"false",
"217","LeapFrog Services",,,,"1","2023-10-29 00:00:00","2025-10-25 00:11:29.687815","2025-10-25 00:20:40.228","small_medium_corp",,"false",
"218","Cumming First UMC",,,,"1","2024-06-20 00:00:00","2025-10-25 00:11:29.883715","2025-10-25 00:11:29.883715",,,"false",
"219","Penske Automotive",,,,"1","2025-10-21 00:00:00","2025-10-25 00:11:30.084279","2025-10-25 00:11:30.084279",,,"false",
"220","Code42",,,,"1","2022-08-03 00:00:00","2025-10-25 00:11:30.279615","2025-10-25 00:11:30.279615",,,"false",
"221","Oxford Lakes Social Committee",,,,"1","2023-12-10 00:00:00","2025-10-25 00:11:30.473299","2025-10-25 00:11:30.473299",,,"false",
"222","Ismaili CIVIC",,,,"2","2024-12-21 00:00:00","2025-10-25 00:11:30.666343","2025-10-25 00:11:30.666343",,,"false",
"223","Hillel",,,,"1","2023-11-07 00:00:00","2025-10-25 00:11:30.860927","2025-10-25 00:11:30.860927",,,"false",
"224","Girl Scout Troop",,,,"3","2025-10-18 00:00:00","2025-10-25 00:11:31.055021","2025-10-25 00:11:31.055021",,,"false",
"225","NCJW",,,,"8","2025-10-08 00:00:00","2025-10-25 00:11:31.253046","2025-10-25 00:11:31.253046",,,"false",
"226","The Swift School",,,,"2","2025-10-01 12:00:00","2025-10-25 00:11:31.447416","2025-10-25 00:11:31.447416",,,"false",
"227","Peachtree Corners Football Club",,,,"1","2024-10-19 00:00:00","2025-10-25 00:11:31.640659","2025-10-25 00:20:40.293","club",,"false",
"228","IHG",,,,"2","2025-09-18 00:00:00","2025-10-25 00:11:31.838591","2025-10-25 00:11:31.838591",,,"false",
"229","Anvil Academy",,,,"2","2023-11-15 00:00:00","2025-10-25 00:11:32.037526","2025-10-25 00:20:40.359","school","public","false",
"230","Exhibitus (Beyond Us)",,,,"1","2023-12-06 00:00:00","2025-10-25 00:11:32.236974","2025-10-25 00:11:32.236974",,,"false",
"231","Atlanta Bar Association",,,,"1","2024-11-10 00:00:00","2025-10-25 00:11:32.433592","2025-10-25 00:11:32.433592",,,"false",
"232","Creekside Church Trailblazers",,,,"1","2024-11-10 00:00:00","2025-10-25 00:11:32.627354","2025-10-25 00:20:40.424","church_faith",,"true",
"233","Allied World Assurance Company",,,,"2","2025-09-23 00:00:00","2025-10-25 00:11:32.851533","2025-10-25 00:20:40.489","large_corp",,"false",
"234","Church",,,,"1","2025-11-05 00:00:00","2025-10-25 00:11:33.047611","2025-10-25 00:20:40.553","church_faith",,"true",
"235","Girl Scouts 25142",,,,"1","2025-09-14 00:00:00","2025-10-25 00:11:33.241571","2025-10-25 00:20:40.618","club",,"false",
"236","Judy Toensmeier's group",,,,"1","2025-01-20 00:00:00","2025-10-25 00:11:33.436918","2025-10-25 00:20:40.684","large_corp",,"false",
"237","Latter Day Saints",,,,"1","2022-09-17 00:00:00","2025-10-25 00:11:33.634625","2025-10-25 00:11:33.634625",,,"false",
"238","Olin",,,,"1","2024-02-28 00:00:00","2025-10-25 00:11:33.829409","2025-10-25 00:11:33.829409",,,"false",
"239","Fish & Richardson",,,,"1","2024-02-19 00:00:00","2025-10-25 00:11:34.027778","2025-10-25 00:11:34.027778",,,"false",
"240","US Foods",,,,"1","2022-10-05 00:00:00","2025-10-25 00:11:34.222767","2025-10-25 00:11:34.222767",,,"false",
"241","Children's Hospital Egleston",,,,"1","2023-06-26 00:00:00","2025-10-25 00:11:34.417094","2025-10-25 00:11:34.417094",,,"false",
"242","World Insurance Association",,,,"2","2025-11-18 00:00:00","2025-10-25 00:11:34.611619","2025-10-25 00:11:34.611619",,,"false",
"243","UNCG",,,,"1",,"2025-10-25 00:11:34.806656","2025-10-25 00:11:34.806656",,,"false",
"244","Cornerstone Christian Academy",,,,"1","2024-10-28 00:00:00","2025-10-25 00:11:35.000723","2025-10-25 00:20:40.75","school","public","true",
"245","PJ Library",,,,"1","2025-01-12 00:00:00","2025-10-25 00:11:35.195152","2025-10-25 00:11:35.195152",,,"false",
"246","AXIS Insurance",,,,"1","2024-03-19 00:00:00","2025-10-25 00:11:35.389141","2025-10-25 00:11:35.389141",,,"false",
"247","Logic Speak",,,,"4","2025-09-26 00:00:00","2025-10-25 00:11:35.584051","2025-10-25 00:11:35.584051",,,"false",
"248","Alpha Delta Kappa",,,,"2","2024-06-03 00:00:00","2025-10-25 00:11:35.778806","2025-10-25 00:11:35.778806",,,"false",
"249","Alston & Bird",,,,"2","2024-01-16 17:00:00","2025-10-25 00:11:35.985094","2025-10-25 00:11:35.985094",,,"false",
"250","Somerby Sandy Springs",,,,"1","2023-01-16 00:00:00","2025-10-25 00:11:36.245231","2025-10-25 00:11:36.245231",,,"false",
"251","Hightower Trail Middle School",,,,"1","2023-04-19 00:00:00","2025-10-25 00:11:36.438543","2025-10-25 00:20:40.819","school","public","false",
"252","MOMS Club East Marietta",,,,"1","2022-11-08 00:00:00","2025-10-25 00:11:36.633233","2025-10-25 00:20:40.885","club",,"false",
"253","Village Oaks Subdivision",,,,"1","2025-10-15 00:00:00","2025-10-25 00:11:36.834456","2025-10-25 00:11:36.834456",,,"false",
"254","South Asian Working Moms (SAWM)",,,,"1","2024-04-14 00:00:00","2025-10-25 00:11:37.030464","2025-10-25 00:11:37.030464",,,"false",
"255","Equifax",,,,"1","2024-10-22 00:00:00","2025-10-25 00:11:37.226954","2025-10-25 00:11:37.226954",,,"false",
"256","Acton Academy Marietta",,,,"1","2022-12-14 00:00:00","2025-10-25 00:11:37.433226","2025-10-25 00:20:40.95","school","public","false",
"257","Holy Innocents",,,,"1","2022-12-08 00:00:00","2025-10-25 00:11:37.627683","2025-10-25 00:11:37.627683",,,"false",
"258","Blessed Trinity",,,,"3","2025-03-28 00:00:00","2025-10-25 00:11:37.821293","2025-10-25 00:11:37.821293",,,"false",
"259","Augusta University ",,,,"1","2025-11-08 00:00:00","2025-10-25 00:11:38.01846","2025-10-25 00:20:41.017","school","public","false",
"260","Test Request",,,,"1","2026-01-01 00:00:00","2025-10-25 00:11:38.228585","2025-10-25 00:11:38.228585",,,"false",
"261","St. Joseph Catholic School",,,,"1","2025-03-19 00:00:00","2025-10-25 00:11:38.473492","2025-10-25 00:20:41.082","school","private","true",
"262","Self-Help Credit Union",,,,"1","2025-01-16 00:00:00","2025-10-25 00:11:38.673692","2025-10-25 00:11:38.673692",,,"false",
"263","Crye-Leike Realtors",,,,"1","2023-04-19 00:00:00","2025-10-25 00:11:38.870026","2025-10-25 00:11:38.870026",,,"false",
"264","Marietta Roswell Alumnae Chapter of Delta Sigma Theta Sorority, Inc",,,,"1","2026-03-14 00:00:00","2025-10-25 00:11:39.066863","2025-10-25 00:20:41.147","large_corp",,"false",
"265","Midtown International School",,,,"1","2024-01-17 00:00:00","2025-10-25 00:11:39.261669","2025-10-25 00:20:41.212","large_corp",,"false",
"266","Samsara",,,,"1","2024-09-18 00:00:00","2025-10-25 00:11:39.455519","2025-10-25 00:11:39.455519",,,"false",
"267","Regency Centers",,,,"1","2024-10-29 00:00:00","2025-10-25 00:11:39.713364","2025-10-25 00:11:39.713364",,,"false",
"268","Girls Group",,,,"1","2024-12-22 00:00:00","2025-10-25 00:11:39.907498","2025-10-25 00:20:41.277","large_corp",,"false",
"269","Red Clay Consulting",,,,"1","2022-06-24 00:00:00","2025-10-25 00:11:40.101664","2025-10-25 00:20:41.342","small_medium_corp",,"false",
"270","GA Pacific",,,,"9","2025-03-27 00:00:00","2025-10-25 00:11:40.29488","2025-10-25 00:11:40.29488",,,"false",
"271","Fisher Phillips LLP",,,,"1","2024-09-25 00:00:00","2025-10-25 00:11:40.488653","2025-10-25 00:11:40.488653",,,"false",
"272","Young Hearts Service League",,,,"1","2023-08-24 00:00:00","2025-10-25 00:11:40.682555","2025-10-25 00:11:40.682555",,,"false",
"273","Duluth High School",,,,"2","2023-02-08 00:00:00","2025-10-25 00:11:40.876804","2025-10-25 00:20:41.41","school","public","false",
"274","PJ Library + Mahjong event",,,,"1","2025-08-20 16:00:00","2025-10-25 00:11:41.070585","2025-10-25 00:11:41.070585",,,"false",
"275","St. Andrew Catholic Church",,,,"1","2025-03-11 00:00:00","2025-10-25 00:11:41.26432","2025-10-25 00:20:41.475","church_faith",,"true",
"276","Wesleyan School",,,,"4","2025-10-22 00:00:00","2025-10-25 00:11:41.457402","2025-10-25 00:11:41.457402",,,"false",
"277","Laura's MLK event (with Jack and Jill)",,,,"1","2023-01-16 00:00:00","2025-10-25 00:11:41.660158","2025-10-25 00:11:41.660158",,,"false",
"278","JP Morgan",,,,"1","2023-12-13 00:00:00","2025-10-25 00:11:41.854108","2025-10-25 00:11:41.854108",,,"false",
"279","Johns Creek Emory Hospital",,,,"1","2023-06-21 00:00:00","2025-10-25 00:11:42.047638","2025-10-25 00:11:42.047638",,,"false",
"280","The Church of Jesus Christ of Latter Day Saints",,,,"1","2025-02-08 00:00:00","2025-10-25 00:11:42.241414","2025-10-25 00:20:41.54","church_faith",,"true",
"281","Interfaith Atlanta & Interfaith Community",,,,"1","2023-05-23 00:00:00","2025-10-25 00:11:42.43673","2025-10-25 00:11:42.43673",,,"false",
"282","Mercedes-Benz",,,,"1","2023-11-28 00:00:00","2025-10-25 00:11:42.630067","2025-10-25 00:11:42.630067",,,"false",
"283","Choice Hotels",,,,"1","2023-06-07 00:00:00","2025-10-25 00:11:42.822828","2025-10-25 00:11:42.822828",,,"false",
"284","Epstein School",,,,"1","2023-05-05 00:00:00","2025-10-25 00:11:43.018053","2025-10-25 00:11:43.018053",,,"false",
"285","Jack & Jill",,,,"2","2025-10-25 00:00:00","2025-10-25 00:11:43.211987","2025-10-25 00:11:43.211987",,,"false",
"286","Eagle Telemedicine",,,,"1","2023-04-26 00:00:00","2025-10-25 00:11:43.406564","2025-10-25 00:11:43.406564",,,"false",
"287","Dalton Agency",,,,"1","2022-06-22 00:00:00","2025-10-25 00:11:43.599796","2025-10-25 00:11:43.599796",,,"false",
"288","community event",,,,"1","2025-11-30 00:00:00","2025-10-25 00:11:43.793096","2025-10-25 00:11:43.793096",,,"false",
"289","Bet Haverim",,,,"1","2024-01-15 00:00:00","2025-10-25 00:11:43.987245","2025-10-25 00:11:43.987245",,,"false",
"290","Notre Dame Club of Atlanta",,,,"1","2024-04-27 00:00:00","2025-10-25 00:11:44.183637","2025-10-25 00:20:41.605","club",,"false",
"291","Southern Environmental Law Center",,,,"2","2025-01-20 00:00:00","2025-10-25 00:11:44.377482","2025-10-25 00:11:44.377482",,,"false",
"292","CATS",,,,"1","2025-11-04 00:00:00","2025-10-25 00:11:44.57134","2025-10-25 00:11:44.57134",,,"false",
"293","Emory St Joseph's",,,,"2","2023-11-17 00:00:00","2025-10-25 00:11:44.765081","2025-10-25 00:11:44.765081",,,"false",
"294","Frazier & Deeter",,,,"1","2024-07-11 00:00:00","2025-10-25 00:11:44.991117","2025-10-25 00:11:44.991117",,,"false",
"295","Mt. Zion United Methodist Church",,,,"2","2022-10-23 00:00:00","2025-10-25 00:11:45.187985","2025-10-25 00:20:41.669","church_faith",,"true",
"296","Greater Atlanta Christian School",,,,"3","2025-10-06 00:00:00","2025-10-25 00:11:45.381205","2025-10-25 00:20:41.735","school","private","true",
"297","City Church Alpharetta",,,,"1","2025-07-23 00:00:00","2025-10-25 00:11:45.577073","2025-10-25 00:20:41.799","church_faith",,"true",
"298","WAVE - Worthington Armstrong Venture",,,,"1","2024-05-10 16:00:00","2025-10-25 00:11:45.770667","2025-10-25 00:11:45.770667",,,"false",
"299","Kingswood Church",,,,"1","2025-11-09 00:00:00","2025-10-25 00:11:45.964444","2025-10-25 00:20:41.864","church_faith",,"true",
"300","The Wilbert Group",,,,"1","2024-09-09 00:00:00","2025-10-25 00:11:46.158636","2025-10-25 00:20:41.929","large_corp",,"false",
"301","Media Now Interactive",,,,"1","2024-12-06 00:00:00","2025-10-25 00:11:46.352408","2025-10-25 00:11:46.352408",,,"false",
"302","Microsoft",,,,"2","2024-04-18 00:00:00","2025-10-25 00:11:46.546689","2025-10-25 00:11:46.546689",,,"false",
"303","German Honor Society Gwinnett School of Mathematics, Science, and Technology",,,,"1","2025-03-12 00:00:00","2025-10-25 00:11:46.742904","2025-10-25 00:11:46.742904",,,"false",
"304","LDS",,,,"2","2024-09-22 16:00:00","2025-10-25 00:11:46.936968","2025-10-25 00:11:46.936968",,,"false",
"305","Girl Scout Troop 23022",,,,"1","2025-11-09 00:00:00","2025-10-25 00:11:47.130837","2025-10-25 00:11:47.130837",,,"false",
"306","Cooper Lake Place",,,,"1","2025-08-02 00:00:00","2025-10-25 00:11:47.324928","2025-10-25 00:11:47.324928",,,"false",
"307","Kehillet Chaim",,,,"1","2022-12-04 00:00:00","2025-10-25 00:11:47.518216","2025-10-25 00:11:47.518216",,,"false",
"308","AJC",,,,"1","2024-10-30 00:00:00","2025-10-25 00:11:47.712086","2025-10-25 00:11:47.712086",,,"false",
"309","The Links (GA Links Day)",,,,"1","2025-03-09 00:00:00","2025-10-25 00:11:47.906841","2025-10-25 00:11:47.906841",,,"false",
"310","Northside Hospital",,,,"1","2024-12-10 00:00:00","2025-10-25 00:11:48.105281","2025-10-25 00:11:48.105281",,,"false",
"311","Intradiem",,,,"1","2024-06-12 00:00:00","2025-10-25 00:11:48.300165","2025-10-25 00:11:48.300165",,,"false",
"312","DXC Technology",,,,"1","2022-09-07 00:00:00","2025-10-25 00:11:48.495082","2025-10-25 00:11:48.495082",,,"false",
"313","Mountainseed",,,,"1","2024-01-10 00:00:00","2025-10-25 00:11:48.68833","2025-10-25 00:11:48.68833",,,"false",
"314","Interfaith Atlanta",,,,"1","2023-03-22 00:00:00","2025-10-25 00:11:48.885876","2025-10-25 00:11:48.885876",,,"false",
"315","Academies of Creative Education",,,,"1","2024-09-19 00:00:00","2025-10-25 00:11:49.079572","2025-10-25 00:11:49.079572",,,"false",
"316","WTW",,,,"1","2024-11-20 17:00:00","2025-10-25 00:11:49.272576","2025-10-25 00:11:49.272576",,,"false",
"317","Mountain West Church",,,,"1","2025-03-08 00:00:00","2025-10-25 00:11:49.468219","2025-10-25 00:20:41.994","church_faith",,"true",
"318","Weber School",,,,"4","2025-10-01 00:00:00","2025-10-25 00:11:49.662345","2025-10-25 00:11:49.662345",,,"false",
"319","Randstadt",,,,"1","2023-04-05 00:00:00","2025-10-25 00:11:49.85807","2025-10-25 00:11:49.85807",,,"false",
"320","Vanco",,,,"1","2023-04-19 00:00:00","2025-10-25 00:11:50.05315","2025-10-25 00:11:50.05315",,,"false",
"321","Cancer Support Center",,,,"1","2025-03-13 00:00:00","2025-10-25 00:11:50.247473","2025-10-25 00:11:50.247473",,,"false",
"322","Delta Sigma Theta Sorority",,,,"3","2024-03-19 00:00:00","2025-10-25 00:11:50.441548","2025-10-25 00:11:50.441548",,,"false",
"323","Lions Club/Elevance Health HQ",,,,"1","2022-10-05 00:00:00","2025-10-25 00:11:50.637705","2025-10-25 00:20:42.083","club",,"false",
"324","Tuxedo Estates Homeowners Association",,,,"1","2024-07-20 00:00:00","2025-10-25 00:11:50.830807","2025-10-25 00:20:42.155","neighborhood",,"false",
"325","The Sandy Springs Christian Church",,,,"1","2022-10-23 00:00:00","2025-10-25 00:11:51.024821","2025-10-25 00:20:42.22","church_faith",,"true",
"326","Helen Bawak Leap of Faith Foundation",,,,"1","2025-01-05 00:00:00","2025-10-25 00:11:51.218763","2025-10-25 00:20:42.285","church_faith",,"true",
"327","Young Hearts Service Group",,,,"1","2022-08-09 00:00:00","2025-10-25 00:11:51.439264","2025-10-25 00:20:42.35","large_corp",,"false",
"328","Georgia Health Policy Center",,,,"1","2023-10-20 00:00:00","2025-10-25 00:11:51.633231","2025-10-25 00:11:51.633231",,,"false",
"329","William & Reed Academy",,,,"2","2025-02-12 17:00:00","2025-10-25 00:11:51.826867","2025-10-25 00:20:42.416","school","public","false",
"330","Paideia",,,,"2","2023-11-17 00:00:00","2025-10-25 00:11:52.020434","2025-10-25 00:11:52.020434",,,"false",
"331","Luckie",,,,"1","2023-05-10 00:00:00","2025-10-25 00:11:52.214891","2025-10-25 00:11:52.214891",,,"false",
"332","Allison PR",,,,"1","2022-08-23 00:00:00","2025-10-25 00:11:52.409036","2025-10-25 00:11:52.409036",,,"false",
"333","Mercedes Benz",,,,"3","2022-11-19 00:00:00","2025-10-25 00:11:52.60432","2025-10-25 00:11:52.60432",,,"false",
"334","Altrusa International of North Georgia",,,,"1","2025-10-24 00:00:00","2025-10-25 00:11:52.798363","2025-10-25 00:20:42.483","large_corp",,"false",
"335","Greek Orthodox Cathedral of the Annunciation",,,,"1","2024-11-30 00:00:00","2025-10-25 00:11:52.991729","2025-10-25 00:20:42.556","church_faith",,"true",
"336","Google",,,,"1","2024-03-18 00:00:00","2025-10-25 00:11:53.186276","2025-10-25 00:11:53.186276",,,"false",
"337","FCS Innovation Academy",,,,"1","2025-09-25 00:00:00","2025-10-25 00:11:53.382243","2025-10-25 00:20:42.625","school","public","false",
"338","Deposco",,,,"1","2023-03-08 00:00:00","2025-10-25 00:11:53.576531","2025-10-25 00:11:53.576531",,,"false",
"339","Balch & Bingham LLP",,,,"1","2024-01-09 17:00:00","2025-10-25 00:11:53.771855","2025-10-25 00:11:53.771855",,,"false",
"340","Milton Girl Scout Troup",,,,"1","2023-03-01 00:00:00","2025-10-25 00:11:53.965365","2025-10-25 00:11:53.965365",,,"false",
"341","St. James Alpharetta",,,,"1","2023-11-21 00:00:00","2025-10-25 00:11:54.173895","2025-10-25 00:11:54.173895",,,"false",
"342","Temple Sinai",,,,"2","2025-11-02 00:00:00","2025-10-25 00:11:54.368223","2025-10-25 00:20:42.691","church_faith",,"true",
"343","North Springs High School",,,,"2","2022-11-08 00:00:00","2025-10-25 00:11:54.562566","2025-10-25 00:20:42.755","school","public","false",
"344","Lutheran Church of the Resurrection",,,,"1","2023-03-22 00:00:00","2025-10-25 00:11:54.758186","2025-10-25 00:20:42.82","church_faith",,"true",
"345","Key Club at Parkview",,,,"1","2025-09-24 00:00:00","2025-10-25 00:11:54.954853","2025-10-25 00:20:42.885","club",,"false",
"346","Ernst and Young",,,,"1","2023-01-18 00:00:00","2025-10-25 00:11:55.152264","2025-10-25 00:11:55.152264",,,"false",
"347","CISV Atlanta",,,,"1","2025-10-12 00:00:00","2025-10-25 00:11:55.34614","2025-10-25 00:11:55.34614",,,"false",
"348","Omega Phi Alpha at Kennesaw State University",,,,"2","2025-10-13 00:00:00","2025-10-25 00:11:55.539267","2025-10-25 00:20:42.95","school","public","false",
"349","Jackson Healthcare",,,,"3","2024-07-30 00:00:00","2025-10-25 00:11:55.733026","2025-10-25 00:11:55.733026",,,"false",
"350","Allstate/Pebble Tossers",,,,"1","2025-07-25 16:00:00","2025-10-25 00:11:55.929296","2025-10-25 00:11:55.929296",,,"false",
"351","Jackson & Coker",,,,"4","2025-07-16 16:00:00","2025-10-25 00:11:56.124259","2025-10-25 00:11:56.124259",,,"false",
"352","Birch Trail Camp",,,,"1","2024-04-14 00:00:00","2025-10-25 00:11:56.319672","2025-10-25 00:11:56.319672",,,"false",
"353","CRI",,,,"4","2025-08-14 00:00:00","2025-10-25 00:11:56.51577","2025-10-25 00:11:56.51577",,,"false",
"354","Global Leadership Academy-Gwinnett Beta Club",,,,"1","2025-11-04 00:00:00","2025-10-25 00:11:56.710752","2025-10-25 00:20:43.019","school","public","false",
"355","Riverwatch Middle School",,,,"1","2025-01-29 00:00:00","2025-10-25 00:11:56.905055","2025-10-25 00:20:43.085","school","public","false",
"356","Eastside Machine (9 yo baseball team)",,,,"1","2024-07-13 00:00:00","2025-10-25 00:11:57.100449","2025-10-25 00:11:57.100449",,,"false",
"357","Outlaws Baseball",,,,"1","2022-11-06 00:00:00","2025-10-25 00:11:57.294826","2025-10-25 00:11:57.294826",,,"false",
"358","Wheels",,,,"1","2023-06-20 00:00:00","2025-10-25 00:11:57.49338","2025-10-25 00:11:57.49338",,,"false",
"359","Discover Life Church",,,,"2","2024-09-29 00:00:00","2025-10-25 00:11:57.687481","2025-10-25 00:20:43.149","church_faith",,"true",
"360","Jain Society of Greater Atlanta",,,,"1","2024-03-24 00:00:00","2025-10-25 00:11:57.881037","2025-10-25 00:11:57.881037",,,"false",
"361","Slow Food ATL & Emory",,,,"1","2024-01-16 00:00:00","2025-10-25 00:11:58.076779","2025-10-25 00:11:58.076779",,,"false",
"362","Duluth United Methodist Church",,,,"2","2025-02-23 00:00:00","2025-10-25 00:11:58.27021","2025-10-25 00:20:43.214","church_faith",,"true",
"363","St. Joe's Hospital",,,,"1","2022-11-18 00:00:00","2025-10-25 00:11:58.475781","2025-10-25 00:11:58.475781",,,"false",
"364","MCIC Vermont",,,,"2","2025-09-29 00:00:00","2025-10-25 00:11:58.673835","2025-10-25 00:11:58.673835",,,"false",
"365","Galloway School",,,,"2","2025-01-20 00:00:00","2025-10-25 00:11:58.868342","2025-10-25 00:11:58.868342",,,"false",
"366","Faith Lutheran Church",,,,"1","2024-02-04 00:00:00","2025-10-25 00:11:59.062418","2025-10-25 00:20:43.284","church_faith",,"true",
"367","St. Mary's Orthodox Church",,,,"1","2025-09-07 00:00:00","2025-10-25 00:11:59.259443","2025-10-25 00:20:43.349","church_faith",,"true",
"368","Dominium",,,,"1","2024-02-21 00:00:00","2025-10-25 00:11:59.452668","2025-10-25 00:11:59.452668",,,"false",
"369","National Sandwich Day",,,,"1","2023-11-03 00:00:00","2025-10-25 00:11:59.646673","2025-10-25 00:11:59.646673",,,"false",
"370","Keller Williams Realty First",,,,"1","2022-07-12 00:00:00","2025-10-25 00:11:59.844164","2025-10-25 00:11:59.844164",,,"false",
"371","Syensqo",,,,"1","2025-11-13 00:00:00","2025-10-25 00:12:00.038239","2025-10-25 00:12:00.038239",,,"false",
"372","Mary Lynn Elementary School",,,,"1","2023-11-15 00:00:00","2025-10-25 00:12:00.233083","2025-10-25 00:20:43.415","school","public","false",
"373","Georgia Lions Lighthouse Foundation",,,,"1","2025-09-25 00:00:00","2025-10-25 00:12:00.491475","2025-10-25 00:12:00.491475",,,"false",
"374","Slow Food Atlanta",,,,"1","2025-08-03 16:00:00","2025-10-25 00:12:00.685343","2025-10-25 00:12:00.685343",,,"false",
"375","St. Pius Baseball",,,,"1","2023-03-19 00:00:00","2025-10-25 00:12:00.880455","2025-10-25 00:12:00.880455",,,"false",
"376","Franklin Street",,,,"1","2023-02-15 00:00:00","2025-10-25 00:12:01.074293","2025-10-25 00:12:01.074293",,,"false",
"377","Marist School",,,,"11","2025-09-26 12:00:00","2025-10-25 00:12:01.268559","2025-10-25 00:12:01.268559",,,"false",
"378","Moms Group",,,,"1","2024-03-14 00:00:00","2025-10-25 00:12:01.470123","2025-10-25 00:20:43.48","large_corp",,"false",
"379","Ogletree Deakins",,,,"2","2023-09-13 00:00:00","2025-10-25 00:12:01.665169","2025-10-25 00:12:01.665169",,,"false",
"380","Haskell",,,,"4","2025-03-26 16:00:00","2025-10-25 00:12:01.858899","2025-10-25 00:12:01.858899",,,"false",
"381","Morgan Stanley",,,,"5","2025-12-17 00:00:00","2025-10-25 00:12:02.052671","2025-10-25 00:12:02.052671",,,"false",
"382","Brown Bag Marketing",,,,"1","2024-05-16 00:00:00","2025-10-25 00:12:02.276945","2025-10-25 00:12:02.276945",,,"false",
"383","RD Head Elementary Jr Beta",,,,"1","2025-03-19 00:00:00","2025-10-25 00:12:02.54344","2025-10-25 00:20:43.545","school","public","false",
"384","Moms Demand Action",,,,"1","2023-03-29 00:00:00","2025-10-25 00:12:02.737239","2025-10-25 00:12:02.737239",,,"false",
"385","Valor Christian Academy",,,,"3","2023-09-09 00:00:00","2025-10-25 00:12:02.931705","2025-10-25 00:20:43.61","school","public","true",
"386","Anglican Church",,,,"1","2024-05-08 00:00:00","2025-10-25 00:12:03.127627","2025-10-25 00:20:43.676","church_faith",,"true",
"387","Kforce",,,,"1","2023-03-15 00:00:00","2025-10-25 00:12:03.321465","2025-10-25 00:12:03.321465",,,"false",
"388","Pepsi",,,,"1","2025-09-17 00:00:00","2025-10-25 00:12:03.516739","2025-10-25 00:12:03.516739",,,"false",
"389","South Gwinnett High School",,,,"1","2024-02-22 00:00:00","2025-10-25 00:12:03.710149","2025-10-25 00:20:43.742","school","public","false",
"390","Chattahoochee High School",,,,"1","2023-11-09 00:00:00","2025-10-25 00:12:03.903348","2025-10-25 00:20:43.806","school","public","false",
"391","Renaissance Waverly Hotel",,,,"1","2024-05-15 00:00:00","2025-10-25 00:12:04.098515","2025-10-25 00:12:04.098515",,,"false",
"392","Cousins Properties",,,,"2","2022-11-02 00:00:00","2025-10-25 00:12:04.295641","2025-10-25 00:12:04.295641",,,"false",
"393","St. Jude",,,,"2","2024-06-13 00:00:00","2025-10-25 00:12:04.490557","2025-10-25 00:12:04.490557",,,"false",
"394","Raw Cove",,,,"1","2025-05-17 16:00:00","2025-10-25 00:12:04.684368","2025-10-25 00:12:04.684368",,,"false",
"395","Xplor Technologies",,,,"1","2024-08-22 16:00:00","2025-10-25 00:12:04.879419","2025-10-25 00:12:04.879419",,,"false",
"396","Supper Club",,,,"1","2022-10-16 00:00:00","2025-10-25 00:12:05.07318","2025-10-25 00:20:43.872","club",,"false",
"397","Cox Media",,,,"2","2025-10-01 16:00:00","2025-10-25 00:12:05.26648","2025-10-25 00:12:05.26648",,,"false",
"398","Fracht Forward",,,,"1","2023-05-22 00:00:00","2025-10-25 00:12:05.460805","2025-10-25 00:12:05.460805",,,"false",
"399","Body GOALS PT / Lyric Loves",,,,"1","2025-10-14 00:00:00","2025-10-25 00:12:05.65502","2025-10-25 00:12:05.65502",,,"false",
"400","Campbell High School",,,,"1","2024-03-03 00:00:00","2025-10-25 00:12:05.849209","2025-10-25 00:20:43.939","school","public","false",
"401","Brooke Farm Women's Club",,,,"1","2024-05-14 00:00:00","2025-10-25 00:12:06.042756","2025-10-25 00:20:44.005","club",,"false",
"402","The Barrera Family & Friends",,,,"1","2022-06-14 00:00:00","2025-10-25 00:12:06.236761","2025-10-25 00:12:06.236761",,,"false",
"403","Shakerag Elementary",,,,"2","2025-01-28 00:00:00","2025-10-25 00:12:06.430795","2025-10-25 00:20:44.076","school","public","false",
"404","Collective Learning Academy",,,,"21","2024-01-10 00:00:00","2025-10-25 00:12:06.625528","2025-10-25 00:20:44.18","school","public","false",
"405","Sandy Springs Christian Church",,,,"2","2023-10-13 16:00:00","2025-10-25 00:12:06.819361","2025-10-25 00:20:44.245","church_faith",,"true",
"406","St. Paul United Methodist Church",,,,"1","2024-01-17 00:00:00","2025-10-25 00:12:07.012337","2025-10-25 00:20:44.31","church_faith",,"true",
"407","Friendsgiving Mitzvah Project",,,,"1","2023-11-19 00:00:00","2025-10-25 00:12:07.2064","2025-10-25 00:12:07.2064",,,"false",
"408","Voya",,,,"6","2024-07-24 16:00:00","2025-10-25 00:12:07.4016","2025-10-25 00:12:07.4016",,,"false",
"409","Bloomingdales",,,,"1","2024-02-14 00:00:00","2025-10-25 00:12:07.603624","2025-10-25 00:12:07.603624",,,"false",
"410","Integrity One Realty",,,,"1","2024-04-20 00:00:00","2025-10-25 00:12:07.801569","2025-10-25 00:12:07.801569",,,"false",
"411","International Charter Academy of Georgia",,,,"1","2025-03-25 00:00:00","2025-10-25 00:12:07.99548","2025-10-25 00:20:44.375","school","public","false",
"412","VMware",,,,"1","2022-11-17 00:00:00","2025-10-25 00:12:08.189676","2025-10-25 00:12:08.189676",,,"false",
"413","Evercy Wealth",,,,"1","2025-11-18 00:00:00","2025-10-25 00:12:08.383615","2025-10-25 00:12:08.383615",,,"false",
"414","LocumTenens",,,,"1","2024-07-16 00:00:00","2025-10-25 00:12:08.577906","2025-10-25 00:12:08.577906",,,"false",
"415","Nett Church",,,,"1","2025-03-30 00:00:00","2025-10-25 00:12:08.772311","2025-10-25 00:20:44.44","church_faith",,"true",
"416","Alpharetta Exiles Rugby Team",,,,"1","2023-12-12 00:00:00","2025-10-25 00:12:08.967034","2025-10-25 00:12:08.967034",,,"false",
"417","Compassionate Atlanta",,,,"1","2025-09-15 00:00:00","2025-10-25 00:12:09.161232","2025-10-25 00:12:09.161232",,,"false",
"418","The Museum School",,,,"2","2025-01-20 00:00:00","2025-10-25 00:12:09.35895","2025-10-25 00:12:09.35895",,,"false",
"419","ADP",,,,"1","2024-12-11 00:00:00","2025-10-25 00:12:09.559195","2025-10-25 00:12:09.559195",,,"false",
"420","Boy Scouts",,,,"4","2025-01-12 00:00:00","2025-10-25 00:12:09.755428","2025-10-25 00:20:44.506","club",,"false",
"421","Thrivent/Boy Scouts",,,,"1","2023-06-05 00:00:00","2025-10-25 00:12:09.963301","2025-10-25 00:20:44.572","club",,"false",
"422","RWC",,,,"1","2024-05-22 00:00:00","2025-10-25 00:12:10.157129","2025-10-25 00:12:10.157129",,,"false",
"423","Collective Learning",,,,"1","2023-12-06 00:00:00","2025-10-25 00:12:10.355012","2025-10-25 00:12:10.355012",,,"false",
"424","Music Authority Rock Camp",,,,"1","2023-06-14 00:00:00","2025-10-25 00:12:10.549142","2025-10-25 00:12:10.549142",,,"false",
"425","Hartman Simmons",,,,"1","2023-10-25 00:00:00","2025-10-25 00:12:10.746055","2025-10-25 00:12:10.746055",,,"false",
"426","NCR Atleos",,,,"2","2024-12-11 00:00:00","2025-10-25 00:12:10.942868","2025-10-25 00:12:10.942868",,,"false",
"427","Chattahooche HOA Club",,,,"1","2024-11-13 00:00:00","2025-10-25 00:12:11.136714","2025-10-25 00:20:44.637","neighborhood",,"false",
"428","St. Pius",,,,"16","2025-07-30 00:00:00","2025-10-25 00:12:11.330215","2025-10-25 00:12:11.330215",,,"false",
"429","Mount Pisgah Christian School",,,,"1","2024-11-20 00:00:00","2025-10-25 00:12:11.523618","2025-10-25 00:20:44.702","school","private","true",
"430","8th Grade Boys MBCA",,,,"1","2025-11-15 00:00:00","2025-10-25 00:12:11.7172","2025-10-25 00:12:11.7172",,,"false",
"431","Mosaic Design Build",,,,"1","2025-10-29 00:00:00","2025-10-25 00:12:11.911171","2025-10-25 00:12:11.911171",,,"false",
"432","Dunwoody UMC",,,,"1","2025-09-21 00:00:00","2025-10-25 00:12:12.104858","2025-10-25 00:12:12.104858",,,"false",
"433","The National Christian Foundation",,,,"1","2025-09-30 00:00:00","2025-10-25 00:12:12.297793","2025-10-25 00:20:44.766","church_faith",,"true",
"434","Dunwoody Group - Barn",,,,"1","2023-01-16 00:00:00","2025-10-25 00:12:12.497465","2025-10-25 00:20:44.831","large_corp",,"false",
"435","East Cobb Lions",,,,"1","2022-09-13 00:00:00","2025-10-25 00:12:12.692074","2025-10-25 00:12:12.692074",,,"false",
"436","Northbrook MOPS",,,,"1","2023-03-16 00:00:00","2025-10-25 00:12:12.888441","2025-10-25 00:12:12.888441",,,"false",
"437","Emory Johns Creek Hospital",,,,"5","2023-11-15 00:00:00","2025-10-25 00:12:13.08275","2025-10-25 00:12:13.08275",,,"false",
"438","Oakhurst Elementary",,,,"1","2025-01-17 00:00:00","2025-10-25 00:12:13.275646","2025-10-25 00:20:44.896","school","public","false",
"439","NCL",,,,"15","2025-10-04 00:00:00","2025-10-25 00:12:13.469895","2025-10-25 00:12:13.469895",,,"false",
"440","Elavon",,,,"1","2023-09-19 00:00:00","2025-10-25 00:12:13.663985","2025-10-25 00:12:13.663985",,,"false",
"441","Fulton Science Academy",,,,"1","2025-03-19 00:00:00","2025-10-25 00:12:13.858088","2025-10-25 00:20:44.961","school","public","false",
"442","IHM Catholic",,,,"9","2023-11-29 00:00:00","2025-10-25 00:12:14.054672","2025-10-25 00:20:45.025","church_faith",,"true",
"443","Scout Troop 7153",,,,"1","2025-02-09 00:00:00","2025-10-25 00:12:14.248486","2025-10-25 00:12:14.248486",,,"false",
"444","Little Yogis",,,,"1","2022-12-04 00:00:00","2025-10-25 00:12:14.44112","2025-10-25 00:12:14.44112",,,"false",
"445","Georgia Power",,,,"2","2022-12-07 00:00:00","2025-10-25 00:12:14.635291","2025-10-25 00:12:14.635291",,,"false",
"446","Sweet Cheats Atlanta",,,,"1","2023-07-18 00:00:00","2025-10-25 00:12:14.82894","2025-10-25 00:12:14.82894",,,"false",
"447","Austell Elementary",,,,"1","2025-03-12 00:00:00","2025-10-25 00:12:15.02706","2025-10-25 00:20:45.09","school","public","false",
"448","Girl Scout Troop #23149",,,,"2","2025-09-21 16:00:00","2025-10-25 00:12:15.219659","2025-10-25 00:12:15.219659",,,"false",
"449","Jack and Jill of America",,,,"3","2023-01-16 00:00:00","2025-10-25 00:12:15.411907","2025-10-25 00:12:15.411907",,,"false",
"450","Trident Trust",,,,"1","2023-04-26 00:00:00","2025-10-25 00:12:15.629199","2025-10-25 00:12:15.629199",,,"false",
"451","Northview High School",,,,"2","2025-10-08 00:00:00","2025-10-25 00:12:15.82377","2025-10-25 00:20:45.155","school","public","false",
"452","Optomi",,,,"1","2023-05-09 00:00:00","2025-10-25 00:12:16.017409","2025-10-25 00:12:16.017409",,,"false",
"453","Rocky Mount Elementary School",,,,"1","2025-02-13 00:00:00","2025-10-25 00:12:16.2148","2025-10-25 00:20:45.22","school","public","false",
"454","G2 Ocean",,,,"2","2025-03-18 00:00:00","2025-10-25 00:12:16.407716","2025-10-25 00:12:16.407716",,,"false",
"455","Workday LE Industries Service Executives",,,,"1","2022-06-08 00:00:00","2025-10-25 00:12:16.600195","2025-10-25 00:20:45.285","large_corp",,"false",
"456","Alpharetta Presbyterian Church",,,,"1","2022-08-21 00:00:00","2025-10-25 00:12:16.795129","2025-10-25 00:20:45.352","church_faith",,"true",
"457","The Lovett School",,,,"6","2024-10-18 00:00:00","2025-10-25 00:12:16.990575","2025-10-25 00:12:16.990575",,,"false",
"458","Lion's Club for Elevance",,,,"1","2024-10-02 00:00:00","2025-10-25 00:12:17.184045","2025-10-25 00:20:45.418","club",,"false",
"459","BrandSafWay",,,,"2","2025-07-16 00:00:00","2025-10-25 00:12:17.378021","2025-10-25 00:12:17.378021",,,"false",
"460","Jack and Jill of AMerica, Inc. Greater North Atlanta Chapter",,,,"1","2026-01-19 00:00:00","2025-10-25 00:12:17.571471","2025-10-25 00:20:45.483","large_corp",,"false",
"461","QGenda/CEBS",,,,"1","2025-08-27 16:00:00","2025-10-25 00:12:17.765774","2025-10-25 00:12:17.765774",,,"false",
"462","Ashton Woods",,,,"2","2025-03-11 00:00:00","2025-10-25 00:12:17.961144","2025-10-25 00:12:17.961144",,,"false",
"463","Hines Real Estate",,,,"1","2024-08-21 00:00:00","2025-10-25 00:12:18.154682","2025-10-25 00:12:18.154682",,,"false",
"464","Silverton Mortgage",,,,"1",,"2025-10-25 00:12:18.364593","2025-10-25 00:12:18.364593",,,"false",
"465","Mill Springs Fall Festival",,,,"1","2022-10-22 00:00:00","2025-10-25 00:12:18.557258","2025-10-25 00:12:18.557258",,,"false",
"466","Greystone Garden Club",,,,"1","2025-10-08 00:00:00","2025-10-25 00:12:18.74953","2025-10-25 00:20:45.547","club",,"false",
"467","Lassiter High School",,,,"1","2024-10-16 00:00:00","2025-10-25 00:12:18.944452","2025-10-25 00:20:45.614","school","public","false",
"468","St. Mary's Orthodox Chuch",,,,"1","2025-03-30 00:00:00","2025-10-25 00:12:19.138172","2025-10-25 00:12:19.138172",,,"false",
"469","CRH",,,,"1","2025-07-17 00:00:00","2025-10-25 00:12:19.39591","2025-10-25 00:12:19.39591",,,"false",
"470","Davis Academy",,,,"3","2025-01-24 00:00:00","2025-10-25 00:12:19.588107","2025-10-25 00:20:45.678","school","public","false",
"471","First Citizens Bank",,,,"1","2023-04-20 00:00:00","2025-10-25 00:12:19.780484","2025-10-25 00:12:19.780484",,,"false",
"472","North Point Community Church",,,,"2","2024-10-22 00:00:00","2025-10-25 00:12:19.974572","2025-10-25 00:20:45.743","church_faith",,"true",
"473","Or Hadash",,,,"1","2022-10-15 00:00:00","2025-10-25 00:12:20.168839","2025-10-25 00:12:20.168839",,,"false",
"474","Elevance Health (Lion's Club)",,,,"1","2023-10-18 00:00:00","2025-10-25 00:12:20.428141","2025-10-25 00:20:45.81","club",,"false",
"475","AJA",,,,"2","2025-01-22 00:00:00","2025-10-25 00:12:20.621454","2025-10-25 00:12:20.621454",,,"false",
"476","Grace Covenant Church of Atlanta",,,,"2","2025-02-22 00:00:00","2025-10-25 00:12:20.813948","2025-10-25 00:20:45.875","church_faith",,"true",
"477","FranklinCovey",,,,"3","2025-09-17 00:00:00","2025-10-25 00:12:21.007666","2025-10-25 00:12:21.007666",,,"false",
"478","PepsiCo",,,,"3","2024-08-06 16:00:00","2025-10-25 00:12:21.203578","2025-10-25 00:12:21.203578",,,"false",
"479","John Paul 2nd Syro Malabar Catholic Church (Cumming)",,,,"1","2025-03-09 00:00:00","2025-10-25 00:12:21.396781","2025-10-25 00:20:45.941","church_faith",,"true",
"480","MJCCA",,,,"2","2025-01-20 00:00:00","2025-10-25 00:12:21.591814","2025-10-25 00:12:21.591814",,,"false",
"481","Westminster",,,,"6","2025-10-01 00:00:00","2025-10-25 00:12:21.784979","2025-10-25 00:12:21.784979",,,"false",
"482","Tritt Elementary PTA Community Outreach Committee",,,,"1","2025-10-07 00:00:00","2025-10-25 00:12:21.978236","2025-10-25 00:20:46.006","school","public","false",
"483","Crye Leike",,,,"1","2023-11-29 00:00:00","2025-10-25 00:12:22.171817","2025-10-25 00:12:22.171817",,,"false",
"484","American Heritage Girls",,,,"2","2025-02-11 00:00:00","2025-10-25 00:12:22.367267","2025-10-25 00:12:22.367267",,,"false",
"485","Freese & Nichols",,,,"1","2025-08-13 16:00:00","2025-10-25 00:12:22.564543","2025-10-25 00:12:22.564543",,,"false",
"486","AT&T",,,,"2","2025-09-09 16:00:00","2025-10-25 00:12:22.757846","2025-10-25 00:12:22.757846",,,"false",
"487","RSM Accounting",,,,"4","2024-08-06 00:00:00","2025-10-25 00:12:22.950166","2025-10-25 00:12:22.950166",,,"false",
"488","OLA",,,,"2","2024-11-19 00:00:00","2025-10-25 00:12:23.142621","2025-10-25 00:12:23.142621",,,"false",
"489","Jack and Jill of America, Inc.",,,,"1","2025-11-02 00:00:00","2025-10-25 00:12:23.336261","2025-10-25 00:20:46.07","large_corp",,"false",
"490","LDS Women's Group",,,,"1","2025-10-11 00:00:00","2025-10-25 00:12:23.533748","2025-10-25 00:20:46.136","large_corp",,"false",
"491","Slalom Consulting",,,,"1","2024-11-07 00:00:00","2025-10-25 00:12:23.728943","2025-10-25 00:20:46.201","small_medium_corp",,"false",
"492","Compassion in Action",,,,"1","2025-10-05 00:00:00","2025-10-25 00:12:23.92241","2025-10-25 00:12:23.92241",,,"false",
"493","Wheeler HS",,,,"1","2024-10-09 16:00:00","2025-10-25 00:12:24.114512","2025-10-25 00:12:24.114512",,,"false",
"494","Amdocs",,,,"1","2023-11-28 00:00:00","2025-10-25 00:12:24.307246","2025-10-25 00:12:24.307246",,,"false",
"495","Stone Summit Climbing",,,,"1","2023-11-13 00:00:00","2025-10-25 00:12:24.501256","2025-10-25 00:12:24.501256",,,"false",
"496","CIBC",,,,"1","2024-08-14 00:00:00","2025-10-25 00:12:24.694893","2025-10-25 00:12:24.694893",,,"false",
"497","Bennett Thrasher",,,,"5","2025-11-20 00:00:00","2025-10-25 00:12:24.889384","2025-10-25 00:12:24.889384",,,"false",
"498","Walker & Dunlop",,,,"1","2025-08-27 16:00:00","2025-10-25 00:12:25.081961","2025-10-25 00:12:25.081961",,,"false",
"499","Evans General Contractors",,,,"1","2025-02-14 00:00:00","2025-10-25 00:12:25.275874","2025-10-25 00:12:25.275874",,,"false",
"500","McEachern High School - Cobb County School District",,,,"1","2025-11-14 17:00:00","2025-10-25 00:12:25.468828","2025-10-25 00:20:46.266","school","public","false",
"501","Southern Turf",,,,"1","2023-11-09 00:00:00","2025-10-25 00:12:25.664121","2025-10-25 00:12:25.664121",,,"false",
"502","Paideia Junior High School",,,,"1","2024-11-20 00:00:00","2025-10-25 00:12:25.857376","2025-10-25 00:20:46.331","school","public","false",
"503","Pope High School",,,,"2","2025-09-26 00:00:00","2025-10-25 00:12:26.051061","2025-10-25 00:20:46.397","school","public","false",
"504","Princeton Corners Neighborhood",,,,"1","2022-12-27 00:00:00","2025-10-25 00:12:26.243074","2025-10-25 00:20:46.462","neighborhood",,"false",
"505","Connect Moms",,,,"1","2024-09-08 00:00:00","2025-10-25 00:12:26.436953","2025-10-25 00:12:26.436953",,,"false",
"506","Clark Construction Group",,,,"1","2025-01-31 00:00:00","2025-10-25 00:12:26.630104","2025-10-25 00:20:46.527","large_corp",,"false",
"507","Thrivent/Scout troop 479",,,,"1","2023-11-06 00:00:00","2025-10-25 00:12:26.825335","2025-10-25 00:12:26.825335",,,"false",
"508","Riverwood",,,,"3","2024-09-23 00:00:00","2025-10-25 00:12:27.019557","2025-10-25 00:12:27.019557",,,"false",
"509","Upswell Marketing",,,,"1","2024-08-08 00:00:00","2025-10-25 00:12:27.212092","2025-10-25 00:12:27.212092",,,"false",
"510","Early emory",,,,"1","2025-09-30 00:00:00","2025-10-25 00:12:27.405285","2025-10-25 00:12:27.405285",,,"false",
"511","Southern Company Gas",,,,"1","2025-10-07 00:00:00","2025-10-25 00:12:27.598427","2025-10-25 00:20:46.592","large_corp",,"false",
"512","The Church of Jesus Christ of Latter-Day Saints",,,,"2","2025-07-12 00:00:00","2025-10-25 00:12:27.793363","2025-10-25 00:20:46.659","church_faith",,"true",
"513","Sheraton Suites Galleria Atlanta",,,,"1","2025-10-15 00:00:00","2025-10-25 00:12:27.987421","2025-10-25 00:12:27.987421",,,"false",
"514","All Saints Episcopal Church",,,,"2","2024-09-01 16:00:00","2025-10-25 00:12:28.180611","2025-10-25 00:20:46.727","church_faith",,"true",
"515","Simpsonwood UMC",,,,"1","2025-08-24 16:00:00","2025-10-25 00:12:28.373894","2025-10-25 00:12:28.373894",,,"false",
"516","Apollo MD",,,,"1","2024-04-23 00:00:00","2025-10-25 00:12:28.567297","2025-10-25 00:12:28.567297",,,"false",
"517","Target",,,,"1","2025-10-23 00:00:00","2025-10-25 00:12:28.760854","2025-10-25 00:12:28.760854",,,"false",
"518","Hartman Simons & Wood LLP",,,,"1","2025-07-16 00:00:00","2025-10-25 00:12:28.956887","2025-10-25 00:12:28.956887",,,"false",
"519","Mt. Vernon School",,,,"1","2023-01-27 00:00:00","2025-10-25 00:12:29.153119","2025-10-25 00:12:29.153119",,,"false",
"520","Thrivent",,,,"8","2025-01-19 00:00:00","2025-10-25 00:12:29.346003","2025-10-25 00:12:29.346003",,,"false",
"521","Wheeler High School",,,,"1","2023-04-26 00:00:00","2025-10-25 00:12:29.539695","2025-10-25 00:20:46.792","school","public","false",
"522","Mitzvah project",,,,"1","2022-10-30 00:00:00","2025-10-25 00:12:29.733352","2025-10-25 00:12:29.733352",,,"false",
"523","Axis Capital",,,,"1","2023-04-19 00:00:00","2025-10-25 00:12:29.92804","2025-10-25 00:12:29.92804",,,"false",
"524","ImpactSearch Partners",,,,"1","2022-10-05 00:00:00","2025-10-25 00:12:30.120708","2025-10-25 00:20:46.859","small_medium_corp",,"false",
"525","Fellowship Christian School",,,,"2","2024-10-23 00:00:00","2025-10-25 00:12:30.313436","2025-10-25 00:20:46.924","school","private","true",
"526","Relation Insurance Services",,,,"1","2024-02-21 00:00:00","2025-10-25 00:12:30.506102","2025-10-25 00:20:46.989","small_medium_corp",,"false",
"527","Capstone Academy",,,,"1","2025-10-08 00:00:00","2025-10-25 00:12:30.699146","2025-10-25 00:20:47.054","school","public","false",
"528","Bald Ridge Lodge",,,,"1","2023-10-23 00:00:00","2025-10-25 00:12:30.892267","2025-10-25 00:12:30.892267",,,"false",
"529","Xceleration",,,,"1","2022-11-15 00:00:00","2025-10-25 00:12:31.085884","2025-10-25 00:12:31.085884",,,"false",
"530","World Overcomers Christian Center",,,,"1","2022-11-19 00:00:00","2025-10-25 00:12:31.280363","2025-10-25 00:20:47.118","church_faith",,"true",
"531","Fidelity Investments",,,,"1","2022-12-01 00:00:00","2025-10-25 00:12:31.472454","2025-10-25 00:12:31.472454",,,"false",
"532","Cristo Rey School",,,,"1","2023-01-21 00:00:00","2025-10-25 00:12:31.665009","2025-10-25 00:12:31.665009",,,"false",
"533","Avient",,,,"2","2024-10-03 00:00:00","2025-10-25 00:12:31.85876","2025-10-25 00:12:31.85876",,,"false",
"534","Sterling of Dunwoody",,,,"1","2025-07-15 00:00:00","2025-10-25 00:12:32.052238","2025-10-25 00:12:32.052238",,,"false",
"535","Warren Boys and Girls Club",,,,"1","2025-07-11 16:00:00","2025-10-25 00:12:32.246979","2025-10-25 00:20:47.183","club",,"false",
"536","Israel Scouts (Yael)",,,,"1","2023-01-15 00:00:00","2025-10-25 00:12:32.504548","2025-10-25 00:12:32.504548",,,"false",
"537","Ware2Go",,,,"1","2023-01-17 00:00:00","2025-10-25 00:12:32.6982","2025-10-25 00:12:32.6982",,,"false",
"538","Pure Programs",,,,"1","2023-09-20 00:00:00","2025-10-25 00:12:32.892593","2025-10-25 00:12:32.892593",,,"false",
"539","National Charity League- Milton",,,,"1","2025-10-26 00:00:00","2025-10-25 00:12:33.086247","2025-10-25 00:12:33.086247",,,"false",
"540","Girls Scouts",,,,"1","2022-12-06 00:00:00","2025-10-25 00:12:33.279935","2025-10-25 00:12:33.279935",,,"false",
"541","Dunwoody High School - Theta Club",,,,"1","2023-03-01 00:00:00","2025-10-25 00:12:33.474677","2025-10-25 00:20:47.248","school","public","false",
"542","Coca-Cola Company",,,,"1","2024-08-14 00:00:00","2025-10-25 00:12:33.667815","2025-10-25 00:20:47.314","large_corp",,"false",
"543","MerchantE",,,,"1","2024-12-11 00:00:00","2025-10-25 00:12:33.872476","2025-10-25 00:12:33.872476",,,"false",
"544","Eagle Stix Lacrosse",,,,"1","2023-06-20 00:00:00","2025-10-25 00:12:34.129793","2025-10-25 00:12:34.129793",,,"false",
"545","The Wood Acres School",,,,"1","2024-11-22 00:00:00","2025-10-25 00:12:34.325487","2025-10-25 00:12:34.325487",,,"false",
"546","Rabobank",,,,"2","2024-04-24 00:00:00","2025-10-25 00:12:34.519713","2025-10-25 00:12:34.519713",,,"false",
"547","RWC Atlanta",,,,"1","2023-05-10 00:00:00","2025-10-25 00:12:34.712788","2025-10-25 00:12:34.712788",,,"false",
"548","Costar Group",,,,"1","2024-06-13 00:00:00","2025-10-25 00:12:34.907979","2025-10-25 00:20:47.382","large_corp",,"false",
"549","MIlton Talon Jr Lacrosse",,,,"1","2023-02-28 00:00:00","2025-10-25 00:12:35.102088","2025-10-25 00:12:35.102088",,,"false",
"550","Dunwoody Women's Club",,,,"1","2022-11-08 00:00:00","2025-10-25 00:12:35.294973","2025-10-25 00:20:47.447","club",,"false",
"551","North Suburban Atlanta Chapter of J&J",,,,"1","2025-11-08 00:00:00","2025-10-25 00:12:35.489343","2025-10-25 00:12:35.489343",,,"false",
"552","Kahua",,,,"2","2025-07-11 00:00:00","2025-10-25 00:12:35.683142","2025-10-25 00:12:35.683142",,,"false",
"553","Sandy Springs Woman's Club",,,,"1","2024-06-21 00:00:00","2025-10-25 00:12:35.879766","2025-10-25 00:20:47.512","club",,"false",
"554","Jones Middle School",,,,"2","2025-02-06 00:00:00","2025-10-25 00:12:36.073477","2025-10-25 00:20:47.582","school","public","false",
"555","Duluth High School National Honor Society",,,,"1","2023-03-22 00:00:00","2025-10-25 00:12:36.266759","2025-10-25 00:20:47.648","school","public","false",
"556","Findley Oaks Elementary",,,,"1","2025-03-06 00:00:00","2025-10-25 00:12:36.473112","2025-10-25 00:20:47.713","school","public","false",
"557","AstraZeneca",,,,"1","2024-09-26 00:00:00","2025-10-25 00:12:36.667445","2025-10-25 00:12:36.667445",,,"false",
"558","Balbec Capitol LP",,,,"1","2025-07-10 00:00:00","2025-10-25 00:12:36.860738","2025-10-25 00:12:36.860738",,,"false",
"559","Duluth Ismaili Center and Jamakhana",,,,"1","2023-04-01 00:00:00","2025-10-25 00:12:37.055383","2025-10-25 00:12:37.055383",,,"false",
"560","SKIM Analytical",,,,"1","2024-07-16 00:00:00","2025-10-25 00:12:37.248847","2025-10-25 00:12:37.248847",,,"false",
"561","Dunwoody United Methodist Church",,,,"2","2025-03-22 00:00:00","2025-10-25 00:12:37.442286","2025-10-25 00:20:47.778","church_faith",,"true",
"562","Cargill",,,,"1","2025-07-10 16:00:00","2025-10-25 00:12:37.636784","2025-10-25 00:12:37.636784",,,"false",
"563","Johnson Ferry Christian Academy",,,,"1","2023-08-02 00:00:00","2025-10-25 00:12:37.830375","2025-10-25 00:20:47.843","school","public","true",
"564","Midtown High School",,,,"2","2023-10-28 00:00:00","2025-10-25 00:12:38.023031","2025-10-25 00:20:47.908","school","public","false",
"565","Webb Bridge",,,,"3","2024-05-17 16:00:00","2025-10-25 00:12:38.217064","2025-10-25 00:12:38.217064",,,"false",
"566","BlackRock",,,,"1","2025-07-15 16:00:00","2025-10-25 00:12:38.409472","2025-10-25 00:12:38.409472",,,"false",
"567","Vickery's",,,,"1","2023-01-11 00:00:00","2025-10-25 00:12:38.602888","2025-10-25 00:12:38.602888",,,"false",
"568","AXA",,,,"1","2023-06-07 00:00:00","2025-10-25 00:12:38.796422","2025-10-25 00:12:38.796422",,,"false",
"569","Village Mill Neighborhood",,,,"1","2024-03-13 00:00:00","2025-10-25 00:12:38.990265","2025-10-25 00:20:47.973","neighborhood",,"false",
"570","NCR ATLEOS (WIN BRG)",,,,"1","2025-03-20 00:00:00","2025-10-25 00:12:39.184571","2025-10-25 00:12:39.184571",,,"false",
"571","GoTo Foods",,,,"1","2025-11-18 00:00:00","2025-10-25 00:12:39.379026","2025-10-25 00:12:39.379026",,,"false",
"572","Les Dames d'Escoffier",,,,"1","2023-06-28 00:00:00","2025-10-25 00:12:39.572843","2025-10-25 00:12:39.572843",,,"false",
"573","Georgia Aquarium",,,,"2","2024-10-29 00:00:00","2025-10-25 00:12:39.766117","2025-10-25 00:12:39.766117",,,"false",
"574","Girls Scouts 20103",,,,"1","2022-11-07 00:00:00","2025-10-25 00:12:39.959776","2025-10-25 00:12:39.959776",,,"false",
"575","Korean Community Presbyterian Church",,,,"4","2024-04-28 00:00:00","2025-10-25 00:12:40.152556","2025-10-25 00:20:48.038","church_faith",,"true",
"576","Fisher Phillips",,,,"1","2023-01-17 00:00:00","2025-10-25 00:12:40.348862","2025-10-25 00:12:40.348862",,,"false",
"577","Artisan Partners",,,,"1","2023-09-12 00:00:00","2025-10-25 00:12:40.541482","2025-10-25 00:20:48.103","small_medium_corp",,"false",
"578","Georgia Tech Hillel/AEPi",,,,"2","2022-12-07 00:00:00","2025-10-25 00:12:40.737124","2025-10-25 00:12:40.737124",,,"false",
"579","Atlanta NE Ismaili Center and Jamakhana",,,,"1","2023-04-01 00:00:00","2025-10-25 00:12:40.931092","2025-10-25 00:12:40.931092",,,"false",
"580","CIOPartners",,,,"1","2025-03-14 00:00:00","2025-10-25 00:12:41.124892","2025-10-25 00:12:41.124892",,,"false",
"581","Shrimad Rajchandra Love and Care (SRLC)",,,,"1","2025-02-23 00:00:00","2025-10-25 00:12:41.318072","2025-10-25 00:12:41.318072",,,"false",
"582","Webb Bridge Ward Relief Society of LDS",,,,"1","2025-03-06 00:00:00","2025-10-25 00:12:41.512137","2025-10-25 00:12:41.512137",,,"false",
"583","Hillels of Georgia",,,,"1","2023-04-16 00:00:00","2025-10-25 00:12:41.712463","2025-10-25 00:12:41.712463",,,"false",
"584","The Notre Dame School",,,,"1","2022-09-21 00:00:00","2025-10-25 00:12:41.906685","2025-10-25 00:12:41.906685",,,"false",
"585","FCS",,,,"1","2024-12-11 00:00:00","2025-10-25 00:12:42.101196","2025-10-25 00:12:42.101196",,,"false",
"586","Aulick Engineering",,,,"1","2025-09-25 00:00:00","2025-10-25 00:12:42.295515","2025-10-25 00:12:42.295515",,,"false",
"587","Northminster Presbyterian Church",,,,"1","2023-07-29 00:00:00","2025-10-25 00:12:42.489458","2025-10-25 00:20:48.176","church_faith",,"true",
"588","MBUSA",,,,"1","2023-06-27 00:00:00","2025-10-25 00:12:42.682445","2025-10-25 00:12:42.682445",,,"false",
"589","Cisco Systems",,,,"1","2022-05-19 00:00:00","2025-10-25 00:12:42.879223","2025-10-25 00:12:42.879223",,,"false",
"590","Alpha Phi Omega",,,,"1","2025-09-17 00:00:00","2025-10-25 00:12:43.074224","2025-10-25 00:12:43.074224",,,"false",
"591","Bibbs Foundation",,,,"1","2025-07-19 00:00:00","2025-10-25 00:12:43.268868","2025-10-25 00:12:43.268868",,,"false",
"592","Buddhist communities",,,,"1","2025-03-29 00:00:00","2025-10-25 00:12:43.462114","2025-10-25 00:12:43.462114",,,"false",
"593","Raskin/Warlick Family",,,,"1","2025-10-21 00:00:00","2025-10-25 00:12:43.656428","2025-10-25 00:12:43.656428",,,"false",
"594","NCL Buckhead Sustainers(moms whose daughters have graduated high school)",,,,"1","2025-10-29 00:00:00","2025-10-25 00:12:43.849494","2025-10-25 00:20:48.241","school","public","false",
"595","Hickory Flat Church",,,,"2","2023-06-14 00:00:00","2025-10-25 00:12:44.044478","2025-10-25 00:20:48.31","church_faith",,"true",
"596","Eagles Landing Christian Academy: Young Men of Distinction",,,,"1","2025-11-04 00:00:00","2025-10-25 00:12:44.238035","2025-10-25 00:20:48.376","school","public","true",
"597","Neighborhood Garden Club",,,,"1","2025-01-20 00:00:00","2025-10-25 00:12:44.431979","2025-10-25 00:20:48.441","neighborhood",,"false",
"598","Atlanta Lightning Basbeball",,,,"1","2023-06-12 00:00:00","2025-10-25 00:12:44.626499","2025-10-25 00:12:44.626499",,,"false",
"599","Beth Shalom",,,,"3","2025-01-19 00:00:00","2025-10-25 00:12:44.88394","2025-10-25 00:12:44.88394",,,"false",
"600","U9 Soccer Team",,,,"1","2024-12-04 00:00:00","2025-10-25 00:12:45.07698","2025-10-25 00:12:45.07698",,,"false",
"601","Berkshire Hathaway",,,,"1","2023-07-16 16:00:00","2025-10-25 00:12:45.279586","2025-10-25 00:12:45.279586",,,"false",
"602","Immaculate Heart of Mary",,,,"1","2023-01-18 00:00:00","2025-10-25 00:12:45.474323","2025-10-25 00:12:45.474323",,,"false",
"603","Emory Cares",,,,"2","2025-11-08 00:00:00","2025-10-25 00:12:45.667693","2025-10-25 00:12:45.667693",,,"false",
"604","Roswell Community Masjid",,,,"1","2025-11-16 00:00:00","2025-10-25 00:12:45.859801","2025-10-25 00:12:45.859801",,,"false",
"605","The Collab Acad",,,,"2","2025-09-02 00:00:00","2025-10-25 00:12:46.052874","2025-10-25 00:12:46.052874",,,"false",
"606","Marist",,,,"1","2023-11-19 00:00:00","2025-10-25 00:12:46.246426","2025-10-25 00:12:46.246426",,,"false",